-- phpMyAdmin SQL Dump
-- version 5.1.1
-- https://www.phpmyadmin.net/
--
-- Hôte : localhost
-- Généré le : sam. 15 oct. 2022 à 21:41
-- Version du serveur : 10.4.21-MariaDB
-- Version de PHP : 8.0.10

SET SQL_MODE = "NO_AUTO_VALUE_ON_ZERO";
START TRANSACTION;
SET time_zone = "+00:00";


/*!40101 SET @OLD_CHARACTER_SET_CLIENT=@@CHARACTER_SET_CLIENT */;
/*!40101 SET @OLD_CHARACTER_SET_RESULTS=@@CHARACTER_SET_RESULTS */;
/*!40101 SET @OLD_COLLATION_CONNECTION=@@COLLATION_CONNECTION */;
/*!40101 SET NAMES utf8mb4 */;

--
-- Base de données : `project_R`
--

-- --------------------------------------------------------

--
-- Structure de la table `club`
--

CREATE TABLE `club` (
  `id_club` int(11) NOT NULL,
  `name_club` text NOT NULL
) ENGINE=InnoDB DEFAULT CHARSET=utf8mb4;

--
-- Déchargement des données de la table `club`
--

INSERT INTO `club` (`id_club`, `name_club`) VALUES
(1, 'Paris SG'),
(2, 'Rennes'),
(3, 'AS Monaco'),
(4, 'O Lyon'),
(5, 'O Marseille'),
(6, 'RC Lens'),
(7, 'RC Strasbourg'),
(8, 'FC Nantes'),
(9, 'Stade Brestois 29'),
(10, 'FCG Bordeaux'),
(11, 'OGC Nice'),
(12, 'Montpellier HSC'),
(13, 'LOSC Lille'),
(14, 'Angers SCO'),
(15, 'Stade de Reims'),
(16, 'AS Saint-Étienne'),
(17, 'Clermont Foot 63'),
(18, 'ESTAC Troyes'),
(19, 'FC Lorient'),
(20, 'FC Metz');

-- --------------------------------------------------------

--
-- Structure de la table `country`
--

CREATE TABLE `country` (
  `id_country` int(11) NOT NULL,
  `abv_country` text NOT NULL,
  `name_country` text NOT NULL
) ENGINE=InnoDB DEFAULT CHARSET=utf8mb4;

--
-- Déchargement des données de la table `country`
--

INSERT INTO `country` (`id_country`, `abv_country`, `name_country`) VALUES
(1, 'ALG', 'ALGERIE'),
(2, 'ANG', 'ANGOLA'),
(3, 'ARG', 'ARGENTINA'),
(4, 'AUT', 'AUTRICHE'),
(5, 'BEL', 'BELGIQUE'),
(6, 'BEN', 'BENIN'),
(7, 'BFA', 'BURKINA FASO'),
(8, 'BIH', 'BOSNIE-HERZEGOVINE'),
(9, 'BRA', 'BRESIL'),
(10, 'BUL', 'BULGARIE'),
(11, 'CAN', 'CANADA'),
(12, 'CGO', 'CONGO'),
(13, 'CHA', 'TCHAD'),
(14, 'CHI', 'CHILI'),
(15, 'CIV', 'COTE D\'IVOIRE'),
(16, 'CMR', 'CAMEROUN'),
(17, 'COD', 'RD CONGO'),
(18, 'COL', 'COLOMBIE'),
(19, 'COM', 'COMORES'),
(20, 'CPV', 'CAP-VERT'),
(21, 'CRC', 'COSTA RICA'),
(22, 'CRO', 'CROATIE'),
(23, 'CTA', 'CENTRAFRIQUE'),
(24, 'DEN', 'DENMARK'),
(25, 'ENG', 'ENGLAND'),
(26, 'ESP', 'ESPAGNE'),
(27, 'FIN', 'FINLANDE'),
(28, 'FRA', 'FRANCE'),
(29, 'GAB', 'GABON'),
(30, 'GEO', 'GEORGIE'),
(31, 'GER', 'GERMANY'),
(32, 'GHA', 'GHANA'),
(33, 'GNB', 'GUINEE BISAU'),
(34, 'GRE', 'GRECE'),
(36, 'GUI', 'GUINEE'),
(37, 'HAI', 'HAITI'),
(38, 'HON', 'HONGRIE'),
(39, 'ITA', 'ITALIE'),
(40, 'JPN', 'JAPON'),
(41, 'KOR', 'COREE DU NORD'),
(42, 'KVX', 'KOSOVO'),
(43, 'LUX', 'LUXEMBOURG'),
(44, 'MAD', 'MADAGASCAR'),
(45, 'MAR', 'MAROC'),
(46, 'MLI', 'MALI'),
(47, 'MNE', 'MONTENEGRO'),
(48, 'MOZ', 'MOZAMBIQUE'),
(49, 'NED', 'NEDERLAND'),
(50, 'NGA', 'NIGERIA'),
(51, 'NOR', 'NORVEGE'),
(52, 'PER', 'PERU'),
(53, 'POL', 'POLOGNE'),
(54, 'POR', 'PORTUGAL'),
(55, 'RSA', 'AFRIQUE DU SUD'),
(56, 'RUS', 'RUSSIE'),
(57, 'SCO', 'ECOSSE'),
(58, 'SEN', 'SENEGAL'),
(59, 'SRB', 'SERBIE'),
(60, 'SUI', 'SUISSE'),
(61, 'SVK', 'SLOVAQUIE'),
(62, 'SWE', 'SWEDEN'),
(63, 'TOG', 'TOGO'),
(64, 'TUN', 'TUNISIE'),
(65, 'TUR', 'TURQUIE'),
(66, 'UKR', 'UKRAINE'),
(67, 'URU', 'URUGUAY'),
(68, 'USA', 'ETATS UNIS'),
(69, 'VEN', 'VENEZUELA'),
(70, 'ZIM', 'ZIMBABWE');

-- --------------------------------------------------------

--
-- Structure de la table `perform`
--

CREATE TABLE `perform` (
  `id_player` int(11) NOT NULL,
  `min` int(11) NOT NULL,
  `goal` int(11) NOT NULL,
  `assist` int(11) NOT NULL,
  `total` int(11) NOT NULL,
  `eff/min` decimal(15,2) NOT NULL
) ENGINE=InnoDB DEFAULT CHARSET=utf8mb4;

--
-- Déchargement des données de la table `perform`
--

INSERT INTO `perform` (`id_player`, `min`, `goal`, `assist`, `total`, `eff/min`) VALUES
(1, 3931, 39, 22, 61, '64.44'),
(2, 3581, 5, 1, 6, '596.83'),
(3, 3570, 2, 1, 3, '1190.00'),
(4, 3286, 4, 6, 10, '328.60'),
(5, 2903, 11, 14, 25, '116.12'),
(6, 2655, 5, 0, 5, '531.00'),
(7, 2640, 2, 2, 4, '660.00'),
(8, 2407, 0, 2, 2, '1203.50'),
(9, 2320, 13, 8, 21, '110.48'),
(10, 2306, 0, 0, 0, '0.00'),
(11, 2190, 0, 0, 0, '0.00'),
(12, 2040, 4, 1, 5, '408.00'),
(13, 1996, 3, 3, 6, '332.67'),
(14, 1946, 2, 0, 2, '973.00'),
(15, 1904, 5, 8, 13, '146.46'),
(16, 1633, 4, 2, 6, '272.17'),
(17, 1319, 5, 0, 5, '263.80'),
(18, 1273, 1, 2, 3, '424.33'),
(19, 1221, 0, 1, 1, '1221.00'),
(20, 999, 0, 0, 0, '0.00'),
(21, 901, 2, 1, 3, '300.33'),
(22, 846, 2, 0, 2, '423.00'),
(23, 485, 0, 1, 1, '485.00'),
(24, 379, 0, 1, 1, '379.00'),
(25, 353, 0, 1, 1, '353.00'),
(26, 220, 0, 0, 0, '0.00'),
(27, 187, 0, 1, 1, '187.00'),
(28, 88, 0, 0, 0, '0.00'),
(29, 48, 0, 0, 0, '0.00'),
(30, 45, 0, 0, 0, '0.00'),
(31, 23, 0, 0, 0, '0.00'),
(32, 22, 1, 0, 1, '22.00'),
(33, 16, 0, 0, 0, '0.00'),
(34, 11, 0, 0, 0, '0.00'),
(35, 10, 0, 0, 0, '0.00'),
(36, 8, 0, 0, 0, '0.00'),
(37, 2, 0, 0, 0, '0.00'),
(38, 0, 0, 0, 0, '0.00'),
(39, 0, 0, 0, 0, '0.00'),
(40, 0, 0, 0, 0, '0.00'),
(41, 3702, 0, 0, 0, '0.00'),
(42, 3270, 11, 8, 19, '172.11'),
(43, 3067, 8, 4, 12, '255.58'),
(44, 2925, 18, 7, 25, '117.00'),
(45, 2849, 1, 2, 3, '949.67'),
(46, 2848, 0, 1, 1, '2848.00'),
(47, 2690, 22, 5, 27, '99.63'),
(48, 2635, 2, 0, 2, '1317.50'),
(49, 2565, 2, 1, 3, '855.00'),
(50, 2330, 0, 5, 5, '466.00'),
(51, 2040, 0, 1, 1, '2040.00'),
(52, 1868, 0, 5, 5, '373.60'),
(53, 1817, 0, 2, 2, '908.50'),
(54, 1486, 0, 0, 0, '0.00'),
(55, 1420, 0, 1, 1, '1420.00'),
(56, 1361, 3, 0, 3, '453.67'),
(57, 1140, 3, 0, 3, '380.00'),
(58, 1016, 1, 2, 3, '338.67'),
(59, 988, 2, 3, 5, '197.60'),
(60, 836, 4, 1, 5, '167.20'),
(61, 807, 0, 0, 0, '0.00'),
(62, 726, 2, 1, 3, '242.00'),
(63, 704, 1, 0, 1, '704.00'),
(64, 655, 2, 5, 7, '93.57'),
(65, 616, 0, 0, 0, '0.00'),
(66, 293, 0, 2, 2, '146.50'),
(67, 200, 0, 1, 1, '200.00'),
(68, 180, 0, 0, 0, '0.00'),
(69, 178, 0, 0, 0, '0.00'),
(70, 65, 0, 0, 0, '0.00'),
(71, 63, 0, 0, 0, '0.00'),
(72, 0, 0, 0, 0, '0.00'),
(73, 0, 0, 0, 0, '0.00'),
(74, 0, 0, 0, 0, '0.00'),
(75, 0, 0, 0, 0, '0.00'),
(76, 0, 0, 0, 0, '0.00'),
(77, 0, 0, 0, 0, '0.00'),
(78, 0, 0, 0, 0, '0.00'),
(79, 4140, 0, 0, 0, '0.00'),
(80, 3870, 4, 3, 7, '552.86'),
(81, 3527, 2, 11, 13, '271.31'),
(82, 3492, 3, 0, 3, '1164.00'),
(83, 3359, 14, 9, 23, '146.04'),
(84, 3250, 30, 5, 35, '92.86'),
(85, 2769, 0, 2, 2, '1384.50'),
(86, 2701, 1, 4, 5, '540.20'),
(87, 2473, 1, 0, 1, '2473.00'),
(88, 2449, 8, 5, 13, '188.38'),
(89, 2386, 4, 4, 8, '298.25'),
(90, 2310, 1, 1, 2, '1155.00'),
(91, 2099, 2, 2, 4, '524.75'),
(92, 1906, 3, 7, 10, '190.60'),
(93, 1607, 0, 1, 1, '1607.00'),
(94, 1439, 6, 1, 7, '205.57'),
(95, 1438, 2, 3, 5, '287.60'),
(96, 1316, 0, 0, 0, '0.00'),
(97, 1249, 0, 1, 1, '1249.00'),
(98, 722, 0, 0, 0, '0.00'),
(99, 481, 2, 0, 2, '240.50'),
(100, 406, 0, 0, 0, '0.00'),
(101, 270, 0, 0, 0, '0.00'),
(102, 194, 0, 1, 1, '194.00'),
(103, 180, 0, 0, 0, '0.00'),
(104, 142, 0, 1, 1, '142.00'),
(105, 90, 0, 0, 0, '0.00'),
(106, 83, 0, 0, 0, '0.00'),
(107, 59, 0, 0, 0, '0.00'),
(108, 2, 0, 0, 0, '0.00'),
(109, 1, 0, 0, 0, '0.00'),
(110, 0, 0, 0, 0, '0.00'),
(111, 0, 0, 0, 0, '0.00'),
(112, 0, 0, 0, 0, '0.00'),
(113, 0, 0, 0, 0, '0.00'),
(114, 0, 0, 0, 0, '0.00'),
(115, 0, 0, 0, 0, '0.00'),
(116, 0, 0, 0, 0, '0.00'),
(117, 4674, 0, 0, 0, '0.00'),
(118, 4656, 5, 11, 16, '291.00'),
(119, 4036, 0, 3, 3, '1345.33'),
(120, 3791, 1, 0, 1, '3791.00'),
(121, 3725, 16, 13, 29, '128.45'),
(122, 3482, 11, 7, 18, '193.44'),
(123, 3314, 13, 5, 18, '184.11'),
(124, 3302, 1, 2, 3, '1100.67'),
(125, 3240, 0, 1, 1, '3240.00'),
(126, 3104, 2, 0, 2, '1552.00'),
(127, 2634, 1, 2, 3, '878.00'),
(128, 2377, 1, 2, 3, '792.33'),
(129, 2322, 20, 2, 22, '105.55'),
(130, 1800, 0, 0, 0, '0.00'),
(131, 1692, 5, 4, 9, '188.00'),
(132, 1570, 8, 2, 10, '157.00'),
(133, 1278, 0, 0, 0, '0.00'),
(134, 1074, 1, 3, 4, '268.50'),
(135, 863, 1, 1, 2, '431.50'),
(136, 817, 0, 0, 0, '0.00'),
(137, 770, 4, 1, 5, '154.00'),
(138, 582, 0, 1, 1, '582.00'),
(139, 211, 0, 0, 0, '0.00'),
(140, 54, 0, 0, 0, '0.00'),
(141, 18, 0, 0, 0, '0.00'),
(142, 18, 0, 0, 0, '0.00'),
(143, 1, 0, 0, 0, '0.00'),
(144, 0, 0, 0, 0, '0.00'),
(145, 0, 0, 0, 0, '0.00'),
(146, 0, 0, 0, 0, '0.00'),
(147, 0, 0, 0, 0, '0.00'),
(148, 0, 0, 0, 0, '0.00'),
(149, 0, 0, 0, 0, '0.00'),
(150, 0, 0, 0, 0, '0.00'),
(151, 0, 0, 0, 0, '0.00'),
(152, 0, 0, 0, 0, '0.00'),
(153, 0, 0, 0, 0, '0.00'),
(154, 0, 0, 0, 0, '0.00'),
(155, 0, 0, 0, 0, '0.00'),
(156, 3795, 12, 12, 24, '158.13'),
(157, 3501, 3, 10, 13, '269.31'),
(158, 3387, 17, 8, 25, '135.48'),
(159, 3365, 2, 2, 4, '841.25'),
(160, 3260, 1, 0, 1, '3260.00'),
(161, 3249, 2, 3, 5, '649.80'),
(162, 3236, 21, 5, 26, '124.46'),
(163, 2667, 7, 3, 10, '266.70'),
(164, 2667, 0, 0, 0, '0.00'),
(165, 2459, 1, 2, 3, '819.67'),
(166, 2338, 6, 9, 15, '155.87'),
(167, 2331, 3, 2, 5, '466.20'),
(168, 1960, 0, 5, 5, '392.00'),
(169, 1481, 11, 2, 13, '113.92'),
(170, 1447, 1, 1, 2, '723.50'),
(171, 1325, 5, 3, 8, '165.63'),
(172, 1290, 0, 0, 0, '0.00'),
(173, 885, 0, 3, 3, '295.00'),
(174, 624, 2, 2, 4, '156.00'),
(175, 449, 1, 0, 1, '449.00'),
(176, 303, 0, 0, 0, '0.00'),
(177, 223, 0, 1, 1, '223.00'),
(178, 143, 0, 0, 0, '0.00'),
(179, 119, 0, 0, 0, '0.00'),
(180, 119, 0, 0, 0, '0.00'),
(181, 60, 0, 0, 0, '0.00'),
(182, 38, 0, 0, 0, '0.00'),
(183, 28, 0, 0, 0, '0.00'),
(184, 12, 0, 0, 0, '0.00'),
(185, 0, 0, 0, 0, '0.00'),
(186, 0, 0, 0, 0, '0.00'),
(187, 0, 0, 0, 0, '0.00'),
(188, 0, 0, 0, 0, '0.00'),
(189, 0, 0, 0, 0, '0.00'),
(190, 0, 0, 0, 0, '0.00'),
(191, 3608, 10, 2, 12, '300.67'),
(192, 3316, 5, 11, 16, '207.25'),
(193, 3216, 1, 4, 5, '643.20'),
(194, 3165, 0, 0, 0, '0.00'),
(195, 3023, 2, 2, 4, '755.75'),
(196, 2863, 1, 0, 1, '2863.00'),
(197, 2677, 6, 4, 10, '267.70'),
(198, 2614, 6, 5, 11, '237.64'),
(199, 2403, 0, 0, 0, '0.00'),
(200, 2297, 13, 0, 13, '176.69'),
(201, 1777, 3, 3, 6, '296.17'),
(202, 1559, 3, 5, 8, '194.88'),
(203, 1285, 0, 0, 0, '0.00'),
(204, 1230, 0, 1, 1, '1230.00'),
(205, 1147, 1, 1, 2, '573.50'),
(206, 1095, 6, 1, 7, '156.43'),
(207, 759, 6, 1, 7, '108.43'),
(208, 618, 0, 0, 0, '0.00'),
(209, 523, 0, 1, 1, '523.00'),
(210, 382, 1, 0, 1, '382.00'),
(211, 336, 0, 0, 0, '0.00'),
(212, 124, 1, 1, 2, '62.00'),
(213, 95, 0, 0, 0, '0.00'),
(214, 90, 0, 0, 0, '0.00'),
(215, 72, 0, 0, 0, '0.00'),
(216, 32, 0, 0, 0, '0.00'),
(217, 15, 0, 0, 0, '0.00'),
(218, 1, 0, 0, 0, '0.00'),
(219, 0, 0, 0, 0, '0.00'),
(220, 0, 0, 0, 0, '0.00'),
(221, 0, 0, 0, 0, '0.00'),
(222, 0, 0, 0, 0, '0.00'),
(223, 0, 0, 0, 0, '0.00'),
(224, 0, 0, 0, 0, '0.00'),
(225, 0, 0, 0, 0, '0.00'),
(226, 3505, 1, 0, 1, '3505.00'),
(227, 3330, 0, 0, 0, '0.00'),
(228, 3260, 0, 0, 0, '0.00'),
(229, 3220, 12, 10, 22, '146.36'),
(230, 2961, 0, 2, 2, '1480.50'),
(231, 2932, 2, 2, 4, '733.00'),
(232, 2803, 18, 4, 22, '127.41'),
(233, 2317, 4, 3, 7, '331.00'),
(234, 2149, 2, 0, 2, '1074.50'),
(235, 2142, 6, 6, 12, '178.50'),
(236, 2113, 0, 1, 1, '2113.00'),
(237, 1812, 3, 2, 5, '362.40'),
(238, 1667, 7, 2, 9, '185.22'),
(239, 1485, 0, 0, 0, '0.00'),
(240, 1251, 1, 1, 2, '625.50'),
(241, 1199, 2, 1, 3, '399.67'),
(242, 950, 0, 1, 1, '950.00'),
(243, 570, 0, 0, 0, '0.00'),
(244, 544, 0, 0, 0, '0.00'),
(245, 533, 0, 0, 0, '0.00'),
(246, 518, 1, 2, 3, '172.67'),
(247, 492, 0, 0, 0, '0.00'),
(248, 395, 0, 1, 1, '395.00'),
(249, 218, 0, 2, 2, '109.00'),
(250, 205, 0, 1, 1, '205.00'),
(251, 90, 0, 0, 0, '0.00'),
(252, 34, 0, 0, 0, '0.00'),
(253, 0, 0, 0, 0, '0.00'),
(254, 0, 0, 0, 0, '0.00'),
(255, 0, 0, 0, 0, '0.00'),
(256, 0, 0, 0, 0, '0.00'),
(257, 0, 0, 0, 0, '0.00'),
(258, 0, 0, 0, 0, '0.00'),
(259, 4410, 0, 2, 2, '2205.00'),
(260, 3641, 19, 0, 19, '191.63'),
(261, 3498, 2, 1, 3, '1166.00'),
(262, 3375, 3, 4, 7, '482.14'),
(263, 3132, 1, 1, 2, '1566.00'),
(264, 3071, 1, 3, 4, '767.75'),
(265, 2894, 7, 5, 12, '241.17'),
(266, 2847, 3, 1, 4, '711.75'),
(267, 2610, 0, 0, 0, '0.00'),
(268, 2209, 2, 5, 7, '315.57'),
(269, 2175, 1, 0, 1, '2175.00'),
(270, 2132, 4, 0, 4, '533.00'),
(271, 1885, 3, 4, 7, '269.29'),
(272, 1800, 0, 0, 0, '0.00'),
(273, 1799, 3, 1, 4, '449.75'),
(274, 1748, 1, 0, 1, '1748.00'),
(275, 1410, 2, 2, 4, '352.50'),
(276, 1282, 3, 2, 5, '256.40'),
(277, 687, 1, 1, 2, '343.50'),
(278, 491, 2, 1, 3, '163.67'),
(279, 437, 0, 0, 0, '0.00'),
(280, 337, 0, 1, 1, '337.00'),
(281, 325, 1, 3, 4, '81.25'),
(282, 84, 0, 0, 0, '0.00'),
(283, 46, 0, 0, 0, '0.00'),
(284, 19, 0, 0, 0, '0.00'),
(285, 13, 0, 0, 0, '0.00'),
(286, 1, 0, 0, 0, '0.00'),
(287, 0, 0, 0, 0, '0.00'),
(288, 0, 0, 0, 0, '0.00'),
(289, 0, 0, 0, 0, '0.00'),
(290, 0, 0, 0, 0, '0.00'),
(291, 0, 0, 0, 0, '0.00'),
(292, 0, 0, 0, 0, '0.00'),
(293, 0, 0, 0, 0, '0.00'),
(294, 0, 0, 0, 0, '0.00'),
(295, 0, 0, 0, 0, '0.00'),
(296, 0, 0, 0, 0, '0.00'),
(297, 0, 0, 0, 0, '0.00'),
(298, 0, 0, 0, 0, '0.00'),
(299, 3596, 6, 1, 7, '513.71'),
(300, 3510, 0, 0, 0, '0.00'),
(301, 3423, 15, 5, 20, '171.15'),
(302, 3391, 13, 4, 17, '199.47'),
(303, 3060, 3, 1, 4, '765.00'),
(304, 2987, 1, 0, 1, '2987.00'),
(305, 2780, 1, 0, 1, '2780.00'),
(306, 2643, 6, 8, 14, '188.79'),
(307, 2395, 0, 0, 0, '0.00'),
(308, 2375, 2, 3, 5, '475.00'),
(309, 1796, 1, 1, 2, '898.00'),
(310, 1761, 0, 4, 4, '440.25'),
(311, 1724, 2, 3, 5, '344.80'),
(312, 1545, 0, 3, 3, '515.00'),
(313, 1129, 1, 1, 2, '564.50'),
(314, 1048, 2, 4, 6, '174.67'),
(315, 850, 5, 0, 5, '170.00'),
(316, 837, 0, 0, 0, '0.00'),
(317, 808, 0, 0, 0, '0.00'),
(318, 733, 3, 1, 4, '183.25'),
(319, 450, 0, 0, 0, '0.00'),
(320, 284, 0, 0, 0, '0.00'),
(321, 164, 0, 0, 0, '0.00'),
(322, 101, 0, 0, 0, '0.00'),
(323, 17, 0, 0, 0, '0.00'),
(324, 13, 0, 0, 0, '0.00'),
(325, 10, 0, 0, 0, '0.00'),
(326, 5, 0, 0, 0, '0.00'),
(327, 0, 0, 0, 0, '0.00'),
(328, 0, 0, 0, 0, '0.00'),
(329, 0, 0, 0, 0, '0.00'),
(330, 3420, 0, 0, 0, '0.00'),
(331, 3074, 0, 2, 2, '1537.00'),
(332, 2874, 1, 0, 1, '2874.00'),
(333, 2848, 12, 8, 20, '142.40'),
(334, 2696, 0, 4, 4, '674.00'),
(335, 2593, 1, 1, 2, '1296.50'),
(336, 2545, 11, 3, 14, '181.79'),
(337, 2508, 8, 5, 13, '192.92'),
(338, 2485, 1, 3, 4, '621.25'),
(339, 2385, 2, 5, 7, '340.71'),
(340, 2380, 2, 3, 5, '476.00'),
(341, 2350, 1, 0, 1, '2350.00'),
(342, 2224, 2, 3, 5, '444.80'),
(343, 1672, 12, 1, 13, '128.62'),
(344, 1075, 1, 1, 2, '537.50'),
(345, 860, 1, 1, 2, '430.00'),
(346, 621, 0, 0, 0, '0.00'),
(347, 347, 2, 0, 2, '173.50'),
(348, 180, 0, 0, 0, '0.00'),
(349, 136, 0, 0, 0, '0.00'),
(350, 109, 0, 0, 0, '0.00'),
(351, 90, 0, 1, 1, '90.00'),
(352, 17, 0, 0, 0, '0.00'),
(353, 17, 0, 0, 0, '0.00'),
(354, 16, 0, 0, 0, '0.00'),
(355, 16, 0, 0, 0, '0.00'),
(356, 0, 0, 0, 0, '0.00'),
(357, 0, 0, 0, 0, '0.00'),
(358, 0, 0, 0, 0, '0.00'),
(359, 0, 0, 0, 0, '0.00'),
(360, 0, 0, 0, 0, '0.00'),
(361, 0, 0, 0, 0, '0.00'),
(362, 0, 0, 0, 0, '0.00'),
(363, 3420, 0, 1, 1, '3420.00'),
(364, 3271, 1, 3, 4, '817.75'),
(365, 3094, 11, 4, 15, '206.27'),
(366, 2956, 3, 0, 3, '985.33'),
(367, 2638, 0, 1, 1, '2638.00'),
(368, 2533, 1, 0, 1, '2533.00'),
(369, 2518, 10, 2, 12, '209.83'),
(370, 2400, 0, 0, 0, '0.00'),
(371, 2025, 0, 0, 0, '0.00'),
(372, 2022, 0, 0, 0, '0.00'),
(373, 1885, 8, 5, 13, '145.00'),
(374, 1563, 6, 3, 9, '173.67'),
(375, 1560, 4, 2, 6, '260.00'),
(376, 1532, 0, 1, 1, '1532.00'),
(377, 991, 4, 0, 4, '247.75'),
(378, 982, 0, 1, 1, '982.00'),
(379, 975, 0, 6, 6, '162.50'),
(380, 974, 0, 0, 0, '0.00'),
(381, 888, 0, 0, 0, '0.00'),
(382, 825, 3, 2, 5, '165.00'),
(383, 520, 0, 1, 1, '520.00'),
(384, 270, 0, 0, 0, '0.00'),
(385, 210, 0, 0, 0, '0.00'),
(386, 203, 0, 0, 0, '0.00'),
(387, 180, 0, 0, 0, '0.00'),
(388, 24, 0, 0, 0, '0.00'),
(389, 0, 0, 0, 0, '0.00'),
(390, 0, 0, 0, 0, '0.00'),
(391, 0, 0, 0, 0, '0.00'),
(392, 2598, 11, 2, 13, '199.85'),
(393, 2398, 3, 1, 4, '599.50'),
(394, 2260, 1, 7, 8, '282.50'),
(395, 2250, 0, 0, 0, '0.00'),
(396, 2002, 1, 0, 1, '2002.00'),
(397, 1953, 1, 1, 2, '976.50'),
(398, 1912, 3, 6, 9, '212.44'),
(399, 1832, 3, 2, 5, '366.40'),
(400, 1737, 4, 5, 9, '193.00'),
(401, 1565, 3, 1, 4, '391.25'),
(402, 1499, 9, 1, 10, '149.90'),
(403, 1350, 0, 1, 1, '1350.00'),
(404, 1331, 1, 1, 2, '665.50'),
(405, 1317, 1, 0, 1, '1317.00'),
(406, 1303, 0, 1, 1, '1303.00'),
(407, 1260, 0, 0, 0, '0.00'),
(408, 1237, 0, 0, 0, '0.00'),
(409, 1208, 0, 2, 2, '604.00'),
(410, 966, 6, 0, 6, '161.00'),
(411, 936, 0, 0, 0, '0.00'),
(412, 933, 0, 1, 1, '933.00'),
(413, 898, 0, 0, 0, '0.00'),
(414, 850, 7, 1, 8, '106.25'),
(415, 712, 1, 0, 1, '712.00'),
(416, 692, 0, 3, 3, '230.67'),
(417, 526, 1, 0, 1, '526.00'),
(418, 345, 1, 1, 2, '172.50'),
(419, 337, 2, 1, 3, '112.33'),
(420, 209, 0, 1, 1, '209.00'),
(421, 91, 0, 0, 0, '0.00'),
(422, 90, 0, 0, 0, '0.00'),
(423, 90, 0, 0, 0, '0.00'),
(424, 90, 0, 0, 0, '0.00'),
(425, 90, 0, 0, 0, '0.00'),
(426, 86, 0, 0, 0, '0.00'),
(427, 83, 0, 0, 0, '0.00'),
(428, 79, 0, 0, 0, '0.00'),
(429, 62, 0, 0, 0, '0.00'),
(430, 61, 0, 0, 0, '0.00'),
(431, 60, 0, 0, 0, '0.00'),
(432, 49, 1, 0, 1, '49.00'),
(433, 43, 0, 0, 0, '0.00'),
(434, 28, 0, 0, 0, '0.00'),
(435, 28, 0, 0, 0, '0.00'),
(436, 11, 0, 0, 0, '0.00'),
(437, 11, 0, 0, 0, '0.00'),
(438, 6, 0, 0, 0, '0.00'),
(439, 0, 0, 0, 0, '0.00'),
(440, 0, 0, 0, 0, '0.00'),
(441, 0, 0, 0, 0, '0.00'),
(442, 0, 0, 0, 0, '0.00'),
(443, 0, 0, 0, 0, '0.00'),
(444, 0, 0, 0, 0, '0.00'),
(445, 0, 0, 0, 0, '0.00'),
(446, 3115, 1, 1, 2, '1557.50'),
(447, 3091, 0, 3, 3, '1030.33'),
(448, 2961, 2, 2, 4, '740.25'),
(449, 2888, 6, 2, 8, '361.00'),
(450, 2845, 0, 0, 0, '0.00'),
(451, 2587, 0, 0, 0, '0.00'),
(452, 2573, 9, 7, 16, '160.81'),
(453, 2527, 1, 3, 4, '631.75'),
(454, 2322, 8, 3, 11, '211.09'),
(455, 2124, 4, 3, 7, '303.43'),
(456, 1983, 2, 3, 5, '396.60'),
(457, 1952, 10, 1, 11, '177.45'),
(458, 1857, 0, 0, 0, '0.00'),
(459, 1721, 1, 0, 1, '1721.00'),
(460, 1103, 0, 0, 0, '0.00'),
(461, 947, 0, 0, 0, '0.00'),
(462, 806, 0, 0, 0, '0.00'),
(463, 736, 1, 0, 1, '736.00'),
(464, 658, 0, 2, 2, '329.00'),
(465, 346, 1, 0, 1, '346.00'),
(466, 341, 3, 0, 3, '113.67'),
(467, 313, 0, 0, 0, '0.00'),
(468, 274, 0, 1, 1, '274.00'),
(469, 269, 2, 1, 3, '89.67'),
(470, 23, 0, 0, 0, '0.00'),
(471, 16, 0, 0, 0, '0.00'),
(472, 0, 0, 0, 0, '0.00'),
(473, 0, 0, 0, 0, '0.00'),
(474, 0, 0, 0, 0, '0.00'),
(475, 0, 0, 0, 0, '0.00'),
(476, 0, 0, 0, 0, '0.00'),
(477, 0, 0, 0, 0, '0.00'),
(478, 0, 0, 0, 0, '0.00'),
(479, 0, 0, 0, 0, '0.00'),
(480, 0, 0, 0, 0, '0.00'),
(481, 3343, 3, 0, 3, '1114.33'),
(482, 2835, 2, 4, 6, '472.50'),
(483, 2833, 2, 0, 2, '1416.50'),
(484, 2526, 9, 6, 15, '168.40'),
(485, 2432, 4, 5, 9, '270.22'),
(486, 2315, 10, 1, 11, '210.45'),
(487, 2069, 6, 4, 10, '206.90'),
(488, 1896, 1, 0, 1, '1896.00'),
(489, 1800, 0, 0, 0, '0.00'),
(490, 1794, 0, 0, 0, '0.00'),
(491, 1784, 1, 0, 1, '1784.00'),
(492, 1661, 0, 0, 0, '0.00'),
(493, 1205, 0, 4, 4, '301.25'),
(494, 1197, 0, 0, 0, '0.00'),
(495, 1179, 1, 0, 1, '1179.00'),
(496, 1165, 1, 0, 1, '1165.00'),
(497, 992, 2, 1, 3, '330.67'),
(498, 974, 0, 1, 1, '974.00'),
(499, 936, 0, 0, 0, '0.00'),
(500, 886, 2, 1, 3, '295.33'),
(501, 840, 0, 0, 0, '0.00'),
(502, 690, 0, 0, 0, '0.00'),
(503, 667, 0, 0, 0, '0.00'),
(504, 578, 0, 0, 0, '0.00'),
(505, 576, 1, 1, 2, '288.00'),
(506, 307, 0, 0, 0, '0.00'),
(507, 190, 1, 0, 1, '190.00'),
(508, 149, 0, 0, 0, '0.00'),
(509, 102, 0, 0, 0, '0.00'),
(510, 96, 0, 0, 0, '0.00'),
(511, 73, 0, 0, 0, '0.00'),
(512, 72, 0, 0, 0, '0.00'),
(513, 57, 0, 0, 0, '0.00'),
(514, 46, 0, 0, 0, '0.00'),
(515, 45, 0, 0, 0, '0.00'),
(516, 45, 0, 0, 0, '0.00'),
(517, 5, 0, 0, 0, '0.00'),
(518, 5, 0, 0, 0, '0.00'),
(519, 4, 0, 0, 0, '0.00'),
(520, 1, 0, 0, 0, '0.00'),
(521, 0, 0, 0, 0, '0.00'),
(522, 0, 0, 0, 0, '0.00'),
(523, 0, 0, 0, 0, '0.00'),
(524, 0, 0, 0, 0, '0.00'),
(525, 3215, 4, 1, 5, '643.00'),
(526, 2929, 5, 4, 9, '325.44'),
(527, 2653, 2, 0, 2, '1326.50'),
(528, 2476, 1, 1, 2, '1238.00'),
(529, 2451, 0, 0, 0, '0.00'),
(530, 2330, 8, 4, 12, '194.17'),
(531, 2220, 7, 2, 9, '246.67'),
(532, 2219, 0, 1, 1, '2219.00'),
(533, 2008, 0, 5, 5, '401.60'),
(534, 1980, 0, 0, 0, '0.00'),
(535, 1851, 4, 1, 5, '370.20'),
(536, 1660, 2, 1, 3, '553.33'),
(537, 1515, 1, 0, 1, '1515.00'),
(538, 1350, 0, 0, 0, '0.00'),
(539, 1283, 0, 1, 1, '1283.00'),
(540, 1260, 0, 0, 0, '0.00'),
(541, 1175, 3, 1, 4, '293.75'),
(542, 1130, 4, 2, 6, '188.33'),
(543, 900, 0, 0, 0, '0.00'),
(544, 521, 0, 0, 0, '0.00'),
(545, 485, 0, 0, 0, '0.00'),
(546, 338, 0, 1, 1, '338.00'),
(547, 229, 0, 0, 0, '0.00'),
(548, 132, 0, 0, 0, '0.00'),
(549, 101, 0, 0, 0, '0.00'),
(550, 41, 0, 0, 0, '0.00'),
(551, 17, 0, 0, 0, '0.00'),
(552, 17, 0, 0, 0, '0.00'),
(553, 5, 0, 0, 0, '0.00'),
(554, 3, 0, 0, 0, '0.00'),
(555, 0, 0, 0, 0, '0.00'),
(556, 0, 0, 0, 0, '0.00'),
(557, 0, 0, 0, 0, '0.00'),
(558, 0, 0, 0, 0, '0.00'),
(559, 0, 0, 0, 0, '0.00'),
(560, 0, 0, 0, 0, '0.00'),
(561, 3540, 4, 0, 4, '885.00'),
(562, 3420, 0, 0, 0, '0.00'),
(563, 3283, 2, 0, 2, '1641.50'),
(564, 2583, 1, 1, 2, '1291.50'),
(565, 2418, 1, 3, 4, '604.50'),
(566, 2255, 0, 0, 0, '0.00'),
(567, 2235, 1, 0, 1, '2235.00'),
(568, 1921, 1, 4, 5, '384.20'),
(569, 1885, 5, 1, 6, '314.17'),
(570, 1668, 0, 0, 0, '0.00'),
(571, 1553, 2, 1, 3, '517.67'),
(572, 1416, 1, 0, 1, '1416.00'),
(573, 1400, 11, 3, 14, '100.00'),
(574, 1303, 2, 4, 6, '217.17'),
(575, 1284, 2, 4, 6, '214.00'),
(576, 1148, 0, 0, 0, '0.00'),
(577, 1011, 1, 1, 2, '505.50'),
(578, 846, 2, 0, 2, '423.00'),
(579, 519, 0, 1, 1, '519.00'),
(580, 515, 2, 1, 3, '171.67'),
(581, 473, 1, 0, 1, '473.00'),
(582, 452, 0, 0, 0, '0.00'),
(583, 446, 2, 0, 2, '223.00'),
(584, 435, 1, 0, 1, '435.00'),
(585, 409, 2, 3, 5, '81.80'),
(586, 389, 1, 0, 1, '389.00'),
(587, 310, 0, 0, 0, '0.00'),
(588, 300, 0, 0, 0, '0.00'),
(589, 270, 0, 0, 0, '0.00'),
(590, 220, 0, 0, 0, '0.00'),
(591, 192, 0, 0, 0, '0.00'),
(592, 154, 0, 0, 0, '0.00'),
(593, 86, 0, 0, 0, '0.00'),
(594, 80, 0, 0, 0, '0.00'),
(595, 21, 0, 0, 0, '0.00'),
(596, 1, 0, 0, 0, '0.00'),
(597, 0, 0, 0, 0, '0.00'),
(598, 0, 0, 0, 0, '0.00'),
(599, 0, 0, 0, 0, '0.00'),
(600, 0, 0, 0, 0, '0.00'),
(601, 2968, 1, 2, 3, '989.33'),
(602, 2790, 0, 0, 0, '0.00'),
(603, 2751, 5, 2, 7, '393.00'),
(604, 2668, 0, 1, 1, '2668.00'),
(605, 2632, 4, 2, 6, '438.67'),
(606, 2292, 1, 2, 3, '764.00'),
(607, 2277, 0, 1, 1, '2277.00'),
(608, 1893, 2, 2, 4, '473.25'),
(609, 1824, 0, 0, 0, '0.00'),
(610, 1717, 3, 2, 5, '343.40'),
(611, 1619, 0, 0, 0, '0.00'),
(612, 1457, 4, 0, 4, '364.25'),
(613, 1347, 0, 1, 1, '1347.00'),
(614, 1261, 3, 0, 3, '420.33'),
(615, 1077, 2, 4, 6, '179.50'),
(616, 1072, 1, 1, 2, '536.00'),
(617, 1056, 0, 1, 1, '1056.00'),
(618, 848, 1, 1, 2, '424.00'),
(619, 843, 0, 1, 1, '843.00'),
(620, 814, 5, 0, 5, '162.80'),
(621, 720, 0, 0, 0, '0.00'),
(622, 522, 2, 0, 2, '261.00'),
(623, 388, 0, 0, 0, '0.00'),
(624, 355, 0, 0, 0, '0.00'),
(625, 321, 2, 0, 2, '160.50'),
(626, 243, 0, 0, 0, '0.00'),
(627, 172, 0, 0, 0, '0.00'),
(628, 104, 0, 0, 0, '0.00'),
(629, 98, 0, 0, 0, '0.00'),
(630, 81, 0, 0, 0, '0.00'),
(631, 77, 0, 0, 0, '0.00'),
(632, 70, 0, 0, 0, '0.00'),
(633, 67, 0, 0, 0, '0.00'),
(634, 59, 0, 0, 0, '0.00'),
(635, 40, 0, 0, 0, '0.00'),
(636, 15, 0, 0, 0, '0.00'),
(637, 0, 0, 0, 0, '0.00'),
(638, 0, 0, 0, 0, '0.00'),
(639, 0, 0, 0, 0, '0.00'),
(640, 0, 0, 0, 0, '0.00'),
(641, 0, 0, 0, 0, '0.00'),
(642, 0, 0, 0, 0, '0.00'),
(643, 0, 0, 0, 0, '0.00'),
(644, 0, 0, 0, 0, '0.00'),
(645, 0, 0, 0, 0, '0.00'),
(646, 0, 0, 0, 0, '0.00'),
(647, 0, 0, 0, 0, '0.00'),
(648, 0, 0, 0, 0, '0.00'),
(649, 2755, 1, 0, 1, '2755.00'),
(650, 2545, 1, 2, 3, '848.33'),
(651, 2384, 1, 0, 1, '2384.00'),
(652, 2316, 1, 2, 3, '772.00'),
(653, 2219, 1, 3, 4, '554.75'),
(654, 1969, 5, 2, 7, '281.29'),
(655, 1875, 0, 0, 0, '0.00'),
(656, 1743, 1, 1, 2, '871.50'),
(657, 1672, 3, 1, 4, '418.00'),
(658, 1632, 0, 0, 0, '0.00'),
(659, 1586, 4, 1, 5, '317.20'),
(660, 1548, 4, 2, 6, '258.00'),
(661, 1292, 0, 0, 0, '0.00'),
(662, 1267, 2, 0, 2, '633.50'),
(663, 1235, 0, 0, 0, '0.00'),
(664, 1070, 2, 2, 4, '267.50'),
(665, 1007, 1, 0, 1, '1007.00'),
(666, 973, 0, 2, 2, '486.50'),
(667, 812, 1, 0, 1, '812.00'),
(668, 786, 0, 1, 1, '786.00'),
(669, 700, 0, 0, 0, '0.00'),
(670, 664, 0, 0, 0, '0.00'),
(671, 661, 0, 0, 0, '0.00'),
(672, 610, 0, 1, 1, '610.00'),
(673, 605, 3, 0, 3, '201.67'),
(674, 555, 0, 3, 3, '185.00'),
(675, 525, 2, 0, 2, '262.50'),
(676, 252, 0, 0, 0, '0.00'),
(677, 248, 0, 0, 0, '0.00'),
(678, 218, 0, 0, 0, '0.00'),
(679, 205, 0, 0, 0, '0.00'),
(680, 200, 0, 1, 1, '200.00'),
(681, 153, 0, 0, 0, '0.00'),
(682, 86, 0, 0, 0, '0.00'),
(683, 33, 0, 0, 0, '0.00'),
(684, 1, 0, 0, 0, '0.00'),
(685, 0, 0, 0, 0, '0.00'),
(686, 0, 0, 0, 0, '0.00'),
(687, 0, 0, 0, 0, '0.00'),
(688, 3310, 0, 1, 1, '3310.00'),
(689, 3060, 1, 1, 2, '1530.00'),
(690, 2982, 0, 2, 2, '1491.00'),
(691, 2891, 2, 0, 2, '1445.50'),
(692, 2737, 8, 4, 12, '228.08'),
(693, 2556, 6, 2, 8, '319.50'),
(694, 2327, 3, 2, 5, '465.40'),
(695, 2284, 1, 3, 4, '571.00'),
(696, 1980, 0, 0, 0, '0.00'),
(697, 1905, 1, 0, 1, '1905.00'),
(698, 1578, 0, 0, 0, '0.00'),
(699, 1530, 0, 0, 0, '0.00'),
(700, 1471, 1, 0, 1, '1471.00'),
(701, 1117, 0, 1, 1, '1117.00'),
(702, 1022, 1, 1, 2, '511.00'),
(703, 890, 1, 2, 3, '296.67'),
(704, 874, 0, 0, 0, '0.00'),
(705, 732, 5, 1, 6, '122.00'),
(706, 604, 0, 0, 0, '0.00'),
(707, 582, 1, 0, 1, '582.00'),
(708, 537, 0, 0, 0, '0.00'),
(709, 458, 3, 0, 3, '152.67'),
(710, 442, 0, 0, 0, '0.00'),
(711, 269, 0, 0, 0, '0.00'),
(712, 167, 0, 0, 0, '0.00'),
(713, 107, 0, 0, 0, '0.00'),
(714, 61, 0, 0, 0, '0.00'),
(715, 30, 0, 0, 0, '0.00'),
(716, 16, 0, 0, 0, '0.00'),
(717, 0, 0, 0, 0, '0.00'),
(718, 0, 0, 0, 0, '0.00'),
(719, 0, 0, 0, 0, '0.00'),
(720, 0, 0, 0, 0, '0.00'),
(721, 0, 0, 0, 0, '0.00'),
(722, 3406, 0, 3, 3, '1135.33'),
(723, 2836, 0, 1, 1, '2836.00'),
(724, 2834, 1, 3, 4, '708.50'),
(725, 2462, 1, 0, 1, '2462.00'),
(726, 2429, 1, 0, 1, '2429.00'),
(727, 2413, 14, 5, 19, '127.00'),
(728, 2124, 3, 1, 4, '531.00'),
(729, 2116, 0, 0, 0, '0.00'),
(730, 2034, 1, 0, 1, '2034.00'),
(731, 1875, 8, 3, 11, '170.45'),
(732, 1844, 1, 0, 1, '1844.00'),
(733, 1732, 1, 5, 6, '288.67'),
(734, 1590, 0, 0, 0, '0.00'),
(735, 1488, 1, 2, 3, '496.00'),
(736, 1484, 0, 0, 0, '0.00'),
(737, 991, 2, 0, 2, '495.50'),
(738, 980, 0, 0, 0, '0.00'),
(739, 927, 0, 0, 0, '0.00'),
(740, 836, 2, 0, 2, '418.00'),
(741, 643, 1, 0, 1, '643.00'),
(742, 613, 0, 0, 0, '0.00'),
(743, 444, 3, 1, 4, '111.00'),
(744, 396, 0, 1, 1, '396.00'),
(745, 246, 0, 0, 0, '0.00'),
(746, 150, 0, 1, 1, '150.00'),
(747, 111, 0, 0, 0, '0.00'),
(748, 99, 0, 0, 0, '0.00'),
(749, 96, 0, 0, 0, '0.00'),
(750, 90, 0, 0, 0, '0.00'),
(751, 39, 0, 0, 0, '0.00'),
(752, 8, 0, 0, 0, '0.00'),
(753, 7, 0, 0, 0, '0.00'),
(754, 6, 0, 0, 0, '0.00'),
(755, 0, 0, 0, 0, '0.00'),
(756, 0, 0, 0, 0, '0.00'),
(757, 0, 0, 0, 0, '0.00'),
(758, 0, 0, 0, 0, '0.00');

-- --------------------------------------------------------

--
-- Structure de la table `player`
--

CREATE TABLE `player` (
  `id_player` int(11) NOT NULL,
  `name` text NOT NULL,
  `age` int(11) NOT NULL,
  `nation` text NOT NULL,
  `poste` text NOT NULL,
  `valeur` bigint(20) NOT NULL,
  `id_club` int(11) NOT NULL
) ENGINE=InnoDB DEFAULT CHARSET=utf8mb4;

--
-- Déchargement des données de la table `player`
--

INSERT INTO `player` (`id_player`, `name`, `age`, `nation`, `poste`, `valeur`, `id_club`) VALUES
(1, 'Kylian Mbappé', 23, 'FRA', 'A', 160000000, 1),
(2, 'Marquinhos', 27, 'BRA', 'D', 70000000, 1),
(3, 'Presnel Kimpembe', 25, 'FRA', 'D', 40000000, 1),
(4, 'Achraf Hakimi', 22, 'MAR', 'D', 65000000, 1),
(5, 'Lionel Messi', 34, 'ARG', 'A', 50000000, 1),
(6, 'Danilo Pereira', 29, 'POR', 'M', 14000000, 1),
(7, 'Marco Verratti', 28, 'ITA', 'M', 50000000, 1),
(8, 'Nuno Mendes', 19, 'POR', 'D', 40000000, 1),
(9, 'Neymar', 29, 'BRA', 'A', 75000000, 1),
(10, 'Keylor Navas', 34, 'CRC', 'G', 8000000, 1),
(11, 'Gianluigi Donnarumma', 22, 'ITA', 'G', 50000000, 1),
(12, 'Idrissa Gana Gueye', 31, 'SEN', 'M', 12000000, 1),
(13, 'Georginio Wijnaldum', 30, 'NED', 'M', 18000000, 1),
(14, 'Thilo Kehrer', 24, 'GER', 'D', 22000000, 1),
(15, 'Ángel Di María', 33, 'ARG', 'A', 12000000, 1),
(16, 'Ander Herrera', 31, 'ESP', 'M', 10000000, 1),
(17, 'Mauro Icardi', 28, 'ARG', 'A', 22000000, 1),
(18, 'Leandro Paredes', 27, 'ARG', 'M', 17000000, 1),
(19, 'Abdou Diallo', 25, 'SEN', 'D', 18000000, 1),
(20, 'Juan Bernat', 28, 'ESP', 'D', 12000000, 1),
(21, 'Julian Draxler', 27, 'GER', 'A', 18000000, 1),
(22, 'Sergio Ramos', 35, 'ESP', 'D', 6000000, 1),
(23, 'Junior Dina Ebimbe', 20, 'FRA', 'M', 5000000, 1),
(24, 'Colin Dagba', 22, 'FRA', 'D', 7000000, 1),
(25, 'Xavi Simons', 18, 'NED', 'A', 4000000, 1),
(26, 'Rafinha', 28, 'BRA', 'A', 9000000, 1),
(27, 'Edouard Michut', 18, 'FRA', 'M', 3000000, 1),
(28, 'Arnaud Kalimuendo', 19, 'FRA', 'A', 18000000, 1),
(29, 'Ismaël Gharbi', 17, 'TUN', 'A', 1500000, 1),
(30, 'El Chadaille Bitshiabu', 16, 'FRA', 'D', 2000000, 1),
(31, 'Sergio Rico', 27, 'ESP', 'G', 4000000, 1),
(32, 'Pablo Sarabia', 29, 'ESP', 'A', 25000000, 1),
(33, 'Sekou Yansané', 18, 'FRA', 'A', 300000, 1),
(34, 'Nathan Bitu Mazala', 18, 'FRA', 'D', 400000, 1),
(35, 'Layvin Kurzawa', 28, 'FRA', 'D', 5000000, 1),
(36, 'Alexandre Letellier', 30, 'FRA', 'G', 400000, 1),
(37, 'Djeidi Gassama', 17, 'FRA', 'A', 300000, 1),
(38, 'Denis Franchi', 19, 'ITA', 'G', 250000, 1),
(39, 'Kenny Nagera', 19, 'FRA', 'A', 300000, 1),
(40, 'Teddy Alloh', 19, 'FRA', 'D', 400000, 1),
(41, 'Anthony Lopes', 28, 'POR', 'G', 10000000, 4),
(42, 'Lucas Paquetá', 25, 'BRA', 'M', 35000000, 4),
(43, 'Houssem Aouar', 34, 'FRA', 'M', 25000000, 4),
(44, 'Karl Toko Ekambi', 28, 'CMR', 'A', 15000000, 4),
(45, 'Emerson Palmieri', 29, 'ITA', 'D', 14000000, 4),
(46, 'Maxence Caqueret', 27, 'FRA', 'M', 25000000, 4),
(47, 'Moussa Dembélé', 22, 'FRA', 'A', 20000000, 4),
(48, 'Castello Lukeba', 25, 'FRA', 'D', 20000000, 4),
(49, 'Thiago Mendes', 23, 'BRA', 'M', 9000000, 4),
(50, 'Malo Gusto', 28, 'FRA', 'D', 12000000, 4),
(51, 'Leo Dubois', 24, 'FRA', 'D', 10000000, 4),
(52, 'Bruno Guimarães', 20, 'BRA', 'M', 40000000, 4),
(53, 'Jérôme Boateng', 25, 'GER', 'D', 3500000, 4),
(54, 'Damien Da Silva', 29, 'FRA', 'D', 1000000, 4),
(55, 'Henrique', 21, 'BRA', 'D', 1500000, 4),
(56, 'Jason Denayer', 24, 'BEL', 'D', 14000000, 4),
(57, 'Romain Faivre', 22, 'FRA', 'A', 15000000, 4),
(58, 'Tanguy Ndombele', 21, 'FRA', 'M', 30000000, 4),
(59, 'Xherdan Shaqiri', 25, 'SUI', 'A', 7000000, 4),
(60, 'Islam Slimani', 24, 'ALG', 'A', 1500000, 4),
(61, 'Sinaly Diomande', 23, 'CIV', 'D', 5000000, 4),
(62, 'Rayan Cherki', 26, 'FRA', 'A', 18000000, 4),
(63, 'Tino Kadewere', 25, 'ZIM', 'A', 6000000, 4),
(64, 'Tetê', 20, 'BRA', 'A', 22000000, 4),
(65, 'Julian Pollersbeck', 23, 'GER', 'G', 800000, 4),
(66, 'Bradley Barcola', 17, 'FRA', 'A', 1000000, 4),
(67, 'Jeff Reine-Adélaïde', 19, 'FRA', 'M', 14000000, 4),
(68, 'Marcelo', 18, 'BRA', 'D', 1000000, 4),
(69, 'Habib Keita', 20, 'MLI', 'M', 800000, 4),
(70, 'Hugo Vogel', 18, 'FRA', 'D', 500000, 4),
(71, 'Maxwel Cornet', 18, 'CIV', 'D', 15000000, 4),
(72, 'Florent da Silva', 19, 'FRA', 'M', 600000, 4),
(73, 'Gael Nsombi', 18, 'FRA', 'A', 200000, 4),
(74, 'Malcolm Barcola', 20, 'TOG', 'G', 250000, 4),
(75, 'Irvyn Lomami', 18, 'FRA', 'D', 200000, 4),
(76, 'Noam Bonnet', 16, 'FRA', 'M', 150000, 4),
(77, 'Kayne Bonnevie', 20, 'FRA', 'G', 250000, 4),
(78, 'Madyan Sounni', 20, 'FRA', 'M', 150000, 4),
(79, 'Alexander Nübel', 24, 'GER', 'G', 8000000, 3),
(80, 'Aurélien Tchouaméni', 21, 'FRA', 'M', 60000000, 3),
(81, 'Caio Henrique Oliveira Silva', 24, 'BRA', 'D', 20000000, 3),
(82, 'Axel Disasi', 23, 'FRA', 'D', 17000000, 3),
(83, 'Kevin Volland', 29, 'GER', 'M', 22000000, 3),
(84, 'Wissam Ben Yedder', 30, 'FRA', 'A', 25000000, 3),
(85, 'Ruben Aguilar', 28, 'FRA', 'D', 10000000, 3),
(86, 'Youssouf Fofana', 22, 'FRA', 'M', 18000000, 3),
(87, 'Guillermo Maripán', 27, 'CHI', 'D', 15000000, 3),
(88, 'Sofiane Diop', 21, 'FRA', 'M', 20000000, 3),
(89, 'Gelson Martins', 26, 'POR', 'A', 15000000, 3),
(90, 'Benoît Badiashile', 20, 'FRA', 'D', 30000000, 3),
(91, 'Jean Lucas', 23, 'BRA', 'M', 8000000, 3),
(92, 'Aleksandr Golovin', 25, 'RUS', 'A', 25000000, 3),
(93, 'Ismail Jakobs', 21, 'GER', 'D', 7000000, 3),
(94, 'Myron Boadu', 20, 'NED', 'A', 14000000, 3),
(95, 'Vanderson', 20, 'BRA', 'A', 18000000, 3),
(96, 'Djibril Sidibé', 29, 'FRA', 'D', 8000000, 3),
(97, 'Eliot Matazo', 19, 'BEL', 'M', 8000000, 3),
(98, 'Strahinja Pavlović', 20, 'SRB', 'D', 5000000, 3),
(99, 'Krepin Diatta', 22, 'SEN', 'M', 13000000, 3),
(100, 'Chrislain Matsima', 19, 'FRA', 'D', 5000000, 3),
(101, 'Radosław Majecki', 21, 'POL', 'G', 3000000, 3),
(102, 'Wilson Isidor', 20, 'FRA', 'A', 6000000, 3),
(103, 'Vito Mannone', 33, 'ITA', 'G', 500000, 3),
(104, 'Maghnes Akliouche', 19, 'FRA', 'M', 1000000, 3),
(105, 'Yllan Okou', 18, 'FRA', 'D', 300000, 3),
(106, 'Cesc Fàbregas', 34, 'ESP', 'M', 2500000, 3),
(107, 'Félix Lemaréchal', 17, 'CIV', 'M', 600000, 3),
(108, 'Tiago Ribeiro', 19, 'POR', 'A', 250000, 3),
(109, 'Soungoutou Magassa', 17, 'MLI', 'M', 200000, 3),
(110, 'Anthony Musaba', 20, 'NED', 'A', 1200000, 3),
(111, 'Yann Liénard', 18, 'FRA', 'G', 200000, 3),
(112, 'Aurélien Platret', 18, 'FRA', 'A', 150000000, 3),
(113, 'Louis Torres', 20, 'FRA', 'A', 150000, 3),
(114, 'Fouad El Maach', 20, 'MAR', 'M', 150000, 3),
(115, 'Florian Baranik', 19, 'FRA', 'M', 150000, 3),
(116, 'Eric Ayiah', 21, 'GHA', 'A', 150000, 3),
(117, 'William Saliba', 20, 'FRA', 'D', 30000000, 5),
(118, 'Mattéo Guendouzi', 22, 'FRA', 'M', 25000000, 5),
(119, 'Luan Peres Petroni', 27, 'BRA', 'D', 7000000, 5),
(120, 'Boubacar Kamara', 21, 'FRA', 'M', 25000000, 5),
(121, 'Dimitri Payet', 34, 'FRA', 'A', 5000000, 5),
(122, 'Gerson', 24, 'BRA', 'M', 22000000, 5),
(123, 'Cengiz Ünder', 24, 'TUR', 'A', 22000000, 5),
(124, 'Valentin Rongier', 26, 'FRA', 'D', 12000000, 5),
(125, 'Pau López', 26, 'ESP', 'G', 12000000, 5),
(126, 'Duje Ćaleta-Car', 24, 'CRO', 'D', 16000000, 5),
(127, 'Pol Lirola', 23, 'ESP', 'D', 8000000, 5),
(128, 'Pape Gueye', 22, 'SEN', 'M', 12000000, 5),
(129, 'Arkadiusz Milik', 27, 'POL', 'A', 16000000, 5),
(130, 'Steve Mandanda', 36, 'FRA', 'G', 1500000, 5),
(131, 'Amine Harit', 24, 'MAR', 'A', 10000000, 5),
(132, 'Bamba Dieng', 21, 'SEN', 'A', 10000000, 5),
(133, 'Leonardo Balerdi', 22, 'ARG', 'D', 10000000, 5),
(134, 'Konrad De La Fuente', 20, 'USA', 'A', 6000000, 5),
(135, 'Luis Henrique', 19, 'BRA', 'A', 6000000, 5),
(136, 'Álvaro González', 31, 'ESP', 'D', 2500000, 5),
(137, 'Cédric Bakambu', 30, 'COD', 'A', 8000000, 5),
(138, 'Sead Kolašinac', 28, 'BIH', 'D', 3000000, 5),
(139, 'Jordan Amavi', 27, 'FRA', 'D', 6000000, 5),
(140, 'Darío Benedetto', 31, 'ARG', 'A', 3000000, 5),
(141, 'Oussama Targhalline', 19, 'MAR', 'A', 200000, 5),
(142, 'Nemanja Radonjić', 25, 'SRB', 'M', 4000000, 5),
(143, 'Salim Ben Seghir', 18, 'FRA', 'A', 400000, 5),
(144, 'Aylan Benyahia', 16, 'FRA', 'A', 250000, 5),
(145, 'Fabio Vanni', 19, 'FRA', 'G', 150000, 5),
(146, 'Amay Caprice', 16, 'FRA', 'D', 250000, 5),
(147, 'Cheick Souaré', 18, 'FRA', 'M', 200000, 5),
(148, 'Bilal Nadir', 17, 'FRA', 'M', 150000, 5),
(149, 'Paolo Sciortino', 17, 'FRA', 'M', 150000, 5),
(150, 'Simon Ngapandouetnbu', 18, 'FRA', 'G', 400000, 5),
(151, 'Ugo Bertelli', 18, 'FRA', 'M', 300000, 5),
(152, 'Yakine Said Mmadi', 17, 'FRA', 'D', 0, 5),
(153, 'Jonathan Pitou', 16, 'FRA', 'D', 250000, 5),
(154, 'Simon Ngapandouentnbu', 18, 'CMR', 'G', 400000, 5),
(155, 'Tom Moustier', 19, 'SWE', 'D', 0, 5),
(156, 'Benjamin Bourigeaud', 27, 'FRA', 'A', 18000000, 2),
(157, 'Hamari Traoré', 29, 'MLI', 'D', 10000000, 2),
(158, 'Gaëtan Laborde', 27, 'FRA', 'A', 18000000, 2),
(159, 'Nayef Aguerd', 25, 'MAR', 'D', 12000000, 2),
(160, 'Warmed Omari', 21, 'FRA', 'D', 8000000, 2),
(161, 'Baptiste Santamaria', 26, 'FRA', 'M', 14000000, 2),
(162, 'Martin Terrier', 24, 'FRA', 'A', 25000000, 2),
(163, 'Flavien Tait', 28, 'FRA', 'M', 8000000, 2),
(164, 'Alfred Gomis', 27, 'SEN', 'G', 8000000, 2),
(165, 'Jonas Martin', 31, 'FRA', 'M', 2500000, 2),
(166, 'Lovro Majer', 23, 'CRO', 'M', 20000000, 2),
(167, 'Adrien Truffert', 19, 'FRA', 'D', 12000000, 2),
(168, 'Birger Meling', 26, 'NOR', 'D', 7000000, 2),
(169, 'Sehrou Guirassy', 25, 'GUI', 'A', 10000000, 2),
(170, 'Loïc Bade', 21, 'FRA', 'D', 12000000, 2),
(171, 'Kamaldeen Sulemana', 19, 'GHA', 'M', 18000000, 2),
(172, 'Doğan Alemdar', 18, 'TUR', 'G', 3500000, 2),
(173, 'Lorenz Assignon', 21, 'TOG', 'D', 3000000, 2),
(174, 'Jeremy Doku', 19, 'BEL', 'A', 20000000, 2),
(175, 'Lesley Ugochukwu', 17, 'FRA', 'M', 3000000, 2),
(176, 'Romain Salin', 37, 'FRA', 'G', 400000, 2),
(177, 'Loum Tchaouna', 17, 'FRA', 'A', 2000000, 2),
(178, 'Eduardo Camavinga', 18, 'FRA', 'M', 55000000, 2),
(179, 'Matthis Abline', 18, 'FRA', 'A', 3000000, 2),
(180, 'Mathys Tel', 16, 'FRA', 'A', 2000000, 2),
(181, 'Andy Diouf', 19, 'FRA', 'M', 500000, 2),
(182, 'Junior Kadile', 18, 'FRA', 'A', 200000, 2),
(183, 'Romain Del Castillo', 25, 'FRA', 'M', 3000000, 2),
(184, 'Jeanuel Belocian', 16, 'FRA', 'D', 500000, 2),
(185, 'Désiré Doué', 16, 'FRA', 'A', 400000, 2),
(186, 'Elias Damergy', 18, 'TUN', 'G', 200000, 2),
(187, 'Faitout Maouassa', 23, 'FRA', 'D', 3000000, 2),
(188, 'Pépé Bonet', 18, 'FRA', 'G', 400000, 2),
(189, 'Noah Francoise', 18, 'FRA', 'M', 250000, 2),
(190, 'Trésor Matondo', 18, 'FRA', 'M', 0, 2),
(191, 'Seko Fofana', 26, 'CIV', 'M', 25000000, 6),
(192, 'Jonathan Clauss', 28, 'FRA', 'D', 15000000, 6),
(193, 'Cheick Doucouré', 21, 'MLI', 'M', 15000000, 6),
(194, 'Jonathan Gradit', 28, 'FRA', 'D', 4500000, 6),
(195, 'Kevin Danso', 22, 'AUT', 'D', 9000000, 6),
(196, 'Facundo Medina', 22, 'ARG', 'D', 11000000, 6),
(197, 'Florian Sotoca', 30, 'FRA', 'A', 2500000, 6),
(198, 'Przemysław Frankowski', 26, 'POL', 'D', 8000000, 6),
(199, 'Jean-Louis Leca', 35, 'FRA', 'G', 500000, 6),
(200, 'Arnaud Kalimuendo', 19, 'FRA', 'A', 18000000, 6),
(201, 'Gaël Kakuta', 30, 'COD', 'M', 7000000, 6),
(202, 'David Pereira da Costa', 20, 'POR', 'M', 4500000, 6),
(203, 'Wuilker Faríñez', 23, 'VEN', 'G', 4000000, 6),
(204, 'Christopher Wooh', 19, 'CMR', 'D', 3000000, 6),
(205, 'Massadio Haïdara', 28, 'MLI', 'D', 2000000, 6),
(206, 'Ignatius Ganago', 22, 'CMR', 'A', 5000000, 6),
(207, 'Wesley Saïd', 26, 'FRA', 'A', 2500000, 6),
(208, 'Yannick Cahuzac', 36, 'FRA', 'M', 300000, 6),
(209, 'Deiver Machado', 27, 'COL', 'D', 1800000, 6),
(210, 'Corentin Jean', 26, 'FRA', 'A', 1200000, 6),
(211, 'Patrick Berg', 23, 'NOR', 'M', 4500000, 6),
(212, 'Simon Banza', 24, 'FRA', 'A', 5000000, 6),
(213, 'Ismaëlben Boura', 20, 'FRA', 'D', 1500000, 6),
(214, 'Steven Fortes', 29, 'CPV', 'D', 650000, 6),
(215, 'Ibrahima Baldé', 18, 'FRA', 'A', 300000, 6),
(216, 'Charles Boli', 22, 'FRA', 'M', 400000, 6),
(217, 'Brayann Pereira', 18, 'FRA', 'D', 600000, 6),
(218, 'Jonathan Varane', 19, 'FRA', 'M', 250000, 6),
(219, 'Samba Sow', 32, 'MLI', 'M', 200000, 6),
(220, 'Mohamed Cissé', 20, 'FRA', 'A', 200000, 6),
(221, 'Malcom Musquet', 19, 'FRA', 'M', 100000, 6),
(222, 'Mamadou Camara', 18, 'SEN', 'M', 150000, 6),
(223, 'Yannick Pandor', 20, 'COM', 'G', 200000, 6),
(224, 'Yacouba Barry', 18, 'FRA', 'M', 100000, 6),
(225, 'Adrien Louveau', 21, 'FRA', 'M', 100000, 6),
(226, 'Jean-Clair Todibo', 21, 'FRA', 'D', 20000000, 11),
(227, 'Walter Benítez', 28, 'ARG', 'G', 14000000, 11),
(228, 'Dante', 37, 'BRA', 'D', 800000, 11),
(229, 'Amine Gouiri', 21, 'FRA', 'A', 42000000, 11),
(230, 'Pablo Rosario', 24, 'NED', 'M', 10000000, 11),
(231, 'Melvin Bard', 20, 'FRA', 'D', 9000000, 11),
(232, 'Andy Delort', 29, 'ALG', 'A', 13000000, 11),
(233, 'Khéphren Thuram-Ulie', 20, 'FRA', 'M', 17000000, 11),
(234, 'Mario Lemina', 27, 'GAB', 'M', 9000000, 11),
(235, 'Justin Kluivert', 22, 'NED', 'M', 15000000, 11),
(236, 'Jordan Lotomba', 22, 'SUI', 'D', 7000000, 11),
(237, 'Hicham Boudaoui', 21, 'ALG', 'M', 6500000, 11),
(238, 'Kasper Dolberg', 23, 'DEN', 'A', 17000000, 11),
(239, 'Flavius Daniliuc', 20, 'AUT', 'D', 8000000, 11),
(240, 'Calvin Stengs', 22, 'NED', 'M', 13000000, 11),
(241, 'Youcef Atal', 25, 'ALG', 'D', 15000000, 11),
(242, 'Morgan Schneiderlin', 31, 'FRA', 'M', 3500000, 11),
(243, 'Marcin Bułka', 21, 'POL', 'G', 2000000, 11),
(244, 'Hassane Kamara', 27, 'CIV', 'M', 4000000, 11),
(245, 'Jordan Amavi', 27, 'FRA', 'D', 6000000, 11),
(246, 'Evann Guessand', 20, 'FRA', 'A', 3000000, 11),
(247, 'Bilal Brahimi', 21, 'ALG', 'M', 5000000, 11),
(248, 'Lucas Da Cunha', 20, 'FRA', 'M', 4000000, 11),
(249, 'Alexis Claude-Maurice', 23, 'FRA', 'M', 6000000, 11),
(250, 'Dan Ndoye', 20, 'SUI', 'A', 4000000, 11),
(251, 'Danilo Barbosa', 25, 'BRA', 'D', 3500000, 11),
(252, 'Myziane Maolida', 22, 'FRA', 'M', 3000000, 11),
(253, 'Justin Smith', 18, 'CAN', 'M', 300000, 11),
(254, 'Antoine Mendy', 17, 'FRA', 'D', 150000, 11),
(255, 'Yannis Nahounou', 17, 'FRA', 'D', 150000, 11),
(256, 'Robson Bambu', 23, 'BRA', 'D', 3000000, 11),
(257, 'Alexis Trouillet', 20, 'FRA', 'M', 1500000, 11),
(258, 'Teddy Boulhendi', 20, 'FRA', 'G', 150000, 11),
(259, 'José Fonte', 37, 'POR', 'D', 800000, 13),
(260, 'Jonathan David', 21, 'CAN', 'A', 45000000, 13),
(261, 'Benjamin André', 30, 'FRA', 'M', 12000000, 13),
(262, 'Zeki Çelik', 24, 'TUR', 'D', 18000000, 13),
(263, 'Tiago Djaló', 21, 'POR', 'D', 12000000, 13),
(264, 'Jonathan Bamba', 25, 'FRA', 'M', 17000000, 13),
(265, 'Burak Yılmaz', 36, 'TUR', 'A', 1500000, 13),
(266, 'Sven Botman', 21, 'NED', 'D', 30000000, 13),
(267, 'Ivo Grbić', 25, 'CRO', 'G', 3500000, 13),
(268, 'Renato Sanches', 23, 'POR', 'M', 28000000, 13),
(269, 'Reinildo Mandava', 27, 'MOZ', 'D', 22000000, 13),
(270, 'Xeka', 26, 'POR', 'M', 9000000, 13),
(271, 'Timothy Weah', 21, 'USA', 'M', 12000000, 13),
(272, 'Leonardo César Jardim', 26, 'BRA', 'G', 4000000, 13),
(273, 'Amadou Onana', 19, 'BEL', 'M', 10000000, 13),
(274, 'Gabriel Gudmundsson', 22, 'SWE', 'D', 6000000, 13),
(275, 'Jonathan Ikone', 23, 'FRA', 'M', 18000000, 13),
(276, 'Angel Gomes', 20, 'ENG', 'M', 7000000, 13),
(277, 'Yusuf Yazıcı', 24, 'TUR', 'M', 17000000, 13),
(278, 'Edon Zhegrova', 22, 'KVX', 'M', 5000000, 13),
(279, 'Domagoj Bradarić', 21, 'CRO', 'D', 3500000, 13),
(280, 'Hatem Ben Arfa', 34, 'FRA', 'A', 1500000, 13),
(281, 'Isaac Lihadji', 19, 'FRA', 'M', 3500000, 13),
(282, 'Luiz Araújo', 25, 'BRA', 'M', 10000000, 13),
(283, 'Cheikh Niasse', 21, 'SEN', 'M', 1000000, 13),
(284, 'Jérémy Pied', 32, 'FRA', 'D', 800000, 13),
(285, 'Leny Yoro', 15, 'FRA', 'M', 150000, 13),
(286, 'Kouadio-Yves Dabila', 24, 'CIV', 'D', 900000, 13),
(287, 'Simon Ramet', 18, 'FRA', 'M', 150000, 13),
(288, 'Adam Jakubech', 24, 'SVK', 'G', 500000, 13),
(289, 'Carlos Baleba', 17, 'CMR', 'M', 150000, 13),
(290, 'José Bica', 18, 'POR', 'A', 300000, 13),
(291, 'Rocco Ascone', 17, 'FRA', 'A', 200000, 13),
(292, 'Joffrey Bazié', 17, 'BFA', 'A', 0, 13),
(293, 'Jean Onana', 21, 'CMR', 'M', 5000000, 13),
(294, 'Exauce Mpembele Boula', 19, 'FRA', 'A', 17000000, 13),
(295, 'Ugo Raghouber', 18, 'FRA', 'M', 250000, 13),
(296, 'Maxime Wackers', 23, 'FRA', 'D', 150000, 13),
(297, 'Jules Raux', 17, 'FRA', 'G', 150000, 13),
(298, 'Capita', 19, 'ANG', 'A', 175000, 13),
(299, 'Andrei Girotto', 29, 'BRA', 'D', 5000000, 8),
(300, 'Alban Lafont', 22, 'FRA', 'G', 16000000, 8),
(301, 'Ludovic Blas', 23, 'FRA', 'M', 16000000, 8),
(302, 'Randal Kolo Muani', 22, 'FRA', 'A', 16000000, 8),
(303, 'Pedro Chirivella', 24, 'ESP', 'M', 7000000, 8),
(304, 'Nicolas Pallois', 33, 'FRA', 'D', 1500000, 8),
(305, 'Jean-Charles Castelletto', 26, 'CMR', 'D', 4000000, 8),
(306, 'Moses Simon', 26, 'NGA', 'A', 10000000, 8),
(307, 'Dennis Appiah', 29, 'FRA', 'D', 2000000, 8),
(308, 'Quentin Merlin', 19, 'FRA', 'D', 5000000, 8),
(309, 'Samuel Moutoussamy', 24, 'COD', 'M', 3000000, 8),
(310, 'Fábio', 31, 'BRA', 'D', 1800000, 8),
(311, 'Wylan Cyprien', 26, 'FRA', 'M', 4500000, 8),
(312, 'Sébastien Corchia', 30, 'FRA', 'D', 1800000, 8),
(313, 'Marcus Coco', 25, 'FRA', 'A', 2000000, 8),
(314, 'Osman Bukari', 22, 'GHA', 'A', 3000000, 8),
(315, 'Kalifa Coulibaly', 29, 'MLI', 'A', 1500000, 8),
(316, 'Roli Pereira de Sa', 24, 'FRA', 'M', 700000, 8),
(317, 'Charles Traore', 29, 'MLI', 'D', 1500000, 8),
(318, 'Willem Geubbels', 19, 'FRA', 'A', 4000000, 8),
(319, 'Rémy Descamps', 25, 'FRA', 'G', 800000, 8),
(320, 'Renaud Emond', 29, 'BEL', 'M', 1200000, 8),
(321, 'Abdoulaye Sylla', 21, 'GUI', 'D', 250000, 8),
(322, 'Jean-Kévin Augustin', 24, 'FRA', 'A', 1500000, 8),
(323, 'Gor Manvelyan', 19, 'FRA', 'M', 400000, 8),
(324, 'Lohann Doucet', 18, 'FRA', 'M', 150000, 8),
(325, 'Mohamed Achi', 19, 'FRA', 'M', 300000, 8),
(326, 'Yannis M\'Bemba', 20, 'FRA', 'D', 200000, 8),
(327, 'Anthony Limbombe', 27, 'BEL', 'A', 1200000, 8),
(328, 'Denis Petrić', 33, 'SRB', 'G', 200000, 8),
(329, 'Robin Voisine', 19, 'FRA', 'D', 150000, 8),
(330, 'Matz Sels', 29, 'BEL', 'G', 8000000, 7),
(331, 'Gerzino Nyamsi', 24, 'FRA', 'D', 7500000, 7),
(332, 'Alexander Djiku', 26, 'GHA', 'D', 10000000, 7),
(333, 'Ludovic Ajorque', 27, 'FRA', 'A', 16000000, 7),
(334, 'Frederic Guilbert', 26, 'FRA', 'D', 7000000, 7),
(335, 'Lucas Perrin', 22, 'FRA', 'D', 5000000, 7),
(336, 'Kévin Gameiro', 34, 'FRA', 'A', 2000000, 7),
(337, 'Adrien Thomasson', 27, 'FRA', 'M', 9000000, 7),
(338, 'Anthony Caci', 24, 'FRA', 'D', 7000000, 7),
(339, 'Ibrahima Sissoko', 23, 'FRA', 'M', 8000000, 7),
(340, 'Jean-Ricner Bellegarde', 23, 'FRA', 'M', 8000000, 7),
(341, 'Sanjin Prcić', 27, 'BIH', 'M', 4000000, 7),
(342, 'Dimitri Liénard', 33, 'FRA', 'D', 700000, 7),
(343, 'Habib Diallo', 26, 'SEN', 'A', 12000000, 7),
(344, 'Jean-Eudes Aholou', 27, 'CIV', 'M', 3000000, 7),
(345, 'Maxime Le Marchand', 31, 'FRA', 'D', 1200000, 7),
(346, 'Karol Fila', 23, 'POL', 'D', 1200000, 7),
(347, 'Abdul Majeed Waris', 29, 'GHA', 'M', 1200000, 7),
(348, 'Eiji Kawashima', 38, 'JPN', 'G', 200000, 7),
(349, 'Dion Moise Sahi', 19, 'CIV', 'A', 800000, 7),
(350, 'Mouhamadou Diarra', 17, 'SEN', 'M', 600000, 7),
(351, 'Nordine Kandil', 19, 'FRA', 'M', 400000, 7),
(352, 'Mahame Siby', 25, 'MLI', 'M', 1300000, 7),
(353, 'Ismaël Doukouré', 18, 'FRA', 'D', 1500000, 7),
(354, 'Lebo Mothiba', 25, 'RSA', 'A', 2000000, 7),
(355, 'Mehdi Chahiri', 25, 'MAR', 'M', 1200000, 7),
(356, 'Dany Jean', 18, 'HAI', 'M', 100000, 7),
(357, 'Marvin Senaya', 20, 'TOG', 'D', 500000, 7),
(358, 'Marvin Elimbi', 18, 'FRA', 'D', 150000, 7),
(359, 'Guemissongui Ouattara', 16, 'FRA', 'M', 100000, 7),
(360, 'Aymeric Ahmed', 17, 'FRA', 'M', 250000, 7),
(361, 'Alaa Bellaarouch', 19, 'MAR', 'G', 150000, 7),
(362, 'Kanfory Kaba', 17, 'FRA', 'D', 0, 7),
(363, 'Marco Bizot', 30, 'NED', 'G', 4500000, 9),
(364, 'Jean-Kevin Duverne', 24, 'FRA', 'D', 4000000, 9),
(365, 'Franck Honorat', 24, 'FRA', 'M', 10000000, 9),
(366, 'Brendan Chardonnet', 26, 'FRA', 'D', 5000000, 9),
(367, 'Ronaël Pierre-Gabriel', 23, 'FRA', 'D', 5000000, 9),
(368, 'Lilian Brassier', 21, 'FRA', 'D', 4000000, 9),
(369, 'Steve Mounié', 26, 'BEN', 'A', 7000000, 9),
(370, 'Haris Belkebla', 27, 'ALG', 'M', 4000000, 9),
(371, 'Lucien Agoume', 19, 'FRA', 'M', 7000000, 9),
(372, 'Christophe Hérelle', 28, 'FRA', 'D', 4000000, 9),
(373, 'Romain Faivre', 23, 'FRA', 'M', 15000000, 9),
(374, 'Jérémy Le Douaron', 23, 'FRA', 'A', 3000000, 9),
(375, 'Irvin Cardona', 23, 'FRA', 'A', 4500000, 9),
(376, 'Hugo Magnetti', 23, 'FRA', 'M', 2000000, 9),
(377, 'Martin Satriano', 20, 'ITA', 'A', 7000000, 9),
(378, 'Paul Lasne', 32, 'FRA', 'M', 500000, 9),
(379, 'Romain Del Castillo', 25, 'FRA', 'M', 3000000, 9),
(380, 'Jere Uronen', 27, 'FIN', 'D', 2000000, 9),
(381, 'Hianga Mananga Mbock', 21, 'FRA', 'M', 1500000, 9),
(382, 'Youcef Belaïli', 29, 'ALG', 'M', 2000000, 9),
(383, 'Julien Faussurier', 34, 'FRA', 'M', 300000, 9),
(384, 'Gautier Larsonneur', 24, 'FRA', 'G', 3000000, 9),
(385, 'Youssouph Badji', 19, 'SEN', 'A', 2000000, 9),
(386, 'Rafiki Said Ahamada', 21, 'FRA', 'M', 500000, 9),
(387, 'Dénys Bain', 28, 'FRA', 'D', 1000000, 9),
(388, 'Romain Philippoteaux', 33, 'FRA', 'M', 500000, 9),
(389, 'Grégoire Coudert', 22, 'FRA', 'G', 200000, 9),
(390, 'Axel Camblan', 17, 'FRA', 'A', 100000, 9),
(391, 'Noé Sow', 22, 'SEN', 'M', 150000, 9),
(392, 'Hwang Ui-jo', 28, 'KOR', 'A', 7000000, 10),
(393, 'Ricardo Mangas', 23, 'POR', 'D', 1500000, 10),
(394, 'Yacine Adli', 21, 'FRA', 'M', 9000000, 10),
(395, 'Benoît Costil', 34, 'FRA', 'G', 1500000, 10),
(396, 'Enock Kwateng', 24, 'FRA', 'D', 3000000, 10),
(397, 'Stian Rode Gregersen', 26, 'NOR', 'D', 1500000, 10),
(398, 'Javairô Dilrosun', 23, 'NED', 'M', 6000000, 10),
(399, 'Jean Onana', 21, 'CMR', 'M', 5000000, 10),
(400, 'Remi Oudin', 24, 'FRA', 'M', 5000000, 10),
(401, 'Timothee Pembele', 18, 'FRA', 'D', 6000000, 10),
(402, 'Alberth Elis', 25, 'HON', 'A', 6500000, 10),
(403, 'Anel Ahmedhodzic', 22, 'BIH', 'D', 6000000, 10),
(404, 'Josuha Guilavogui', 30, 'FRA', 'M', 3500000, 10),
(405, 'Mexer', 32, 'MOZ', 'D', 1000000, 10),
(406, 'Fransérgio', 30, 'BRA', 'M', 2500000, 10),
(407, 'Gaëtan Poussin', 22, 'FRA', 'G', 1000000, 10),
(408, 'Otávio', 27, 'BRA', 'M', 6000000, 10),
(409, 'Gideon Mensah', 23, 'GHA', 'D', 2500000, 10),
(410, 'Sekou Mara', 19, 'FRA', 'A', 3000000, 10),
(411, 'Tom Lacoux', 19, 'FRA', 'D', 800000, 10),
(412, 'Laurent Koscielny', 35, 'FRA', 'D', 0, 10),
(413, 'Marcelo', 34, 'BRA', 'D', 1000000, 10),
(414, 'M\'Baye Niang', 26, 'SEN', 'A', 4000000, 10),
(415, 'Abdel Jalil Medioub', 23, 'ALG', 'D', 600000, 10),
(416, 'Danylo Ihnatenko', 24, 'UKR', 'M', 1500000, 10),
(417, 'Issouf Sissokho', 19, 'MLI', 'M', 500000, 10),
(418, 'Samuel Kalu', 23, 'NGA', 'A', 3000000, 10),
(419, 'Jimmy Briand', 35, 'FRA', 'A', 600000, 10),
(420, 'Toma Bašić', 24, 'CRO', 'M', 8000000, 10),
(421, 'Johaneko Louisjean', 17, 'FRA', 'D', 300000, 10),
(422, 'Tijany Atallah', 18, 'FRA', 'D', 200000, 10),
(423, 'Mohamed Aggoun', 19, 'FRA', 'D', 100000, 10),
(424, 'Davy Rouyard', 21, 'FRA', 'G', 150000, 10),
(425, 'Junior Mwanga', 18, 'FRA', 'D', 200000, 10),
(426, 'Thibault Klidje', 20, 'TOG', 'D', 300000, 10),
(427, 'Mehdi Zerkane', 22, 'ALG', 'M', 1500000, 10),
(428, 'Emeric Depussay', 19, 'FRA', 'M', 100000, 10),
(429, 'Johab Pascal', 21, 'HAI', 'M', 100000, 10),
(430, 'Loris Benito', 29, 'SUI', 'D', 800000, 10),
(431, 'Amadou Traore', 19, 'FRA', 'A', 400000, 10),
(432, 'Josh Maja', 22, 'NGA', 'A', 3000000, 10),
(433, 'Dilane Bakwa', 18, 'FRA', 'A', 400000, 10),
(434, 'Jacques Ekomie', 17, 'GAB', 'D', 100000, 10),
(435, 'Rudy Orea', 19, 'FRA', 'M', 0, 10),
(436, 'Paul Baysse', 33, 'FRA', 'D', 800000, 10),
(437, 'Sie Ouattara', 19, 'FRA', 'A', 100000, 10),
(438, 'Rubén Pardo', 28, 'ESP', 'M', 2400000, 10),
(439, 'Loïc Bessile', 22, 'TOG', 'D', 800000, 10),
(440, 'Raoul Bellanova', 21, 'ITA', 'D', 7000000, 10),
(441, 'Yael Mouanga', 16, 'FRA', 'D', 0, 10),
(442, 'Guerric Bernou', 17, 'FRA', 'G', 100000, 10),
(443, 'Aissa Boudechicha', 21, 'ALG', 'D', 150000, 10),
(444, 'Tidiane Malbec', 19, 'FRA', 'G', 150000, 10),
(445, 'Logan Delaurier Chaubet', 19, 'FRA', 'A', 200000, 10),
(446, 'Joris Chotard', 19, 'FRA', 'M', 10000000, 12),
(447, 'Jordan Ferri', 29, 'FRA', 'M', 5000000, 12),
(448, 'Nicolas Cozza', 22, 'FRA', 'D', 5000000, 12),
(449, 'Florent Mollet', 29, 'FRA', 'A', 6000000, 12),
(450, 'Mamadou Sakho', 31, 'FRA', 'D', 4500000, 12),
(451, 'Jonas Omlin', 27, 'SUI', 'G', 8000000, 12),
(452, 'Téji Savanier', 29, 'FRA', 'M', 12000000, 12),
(453, 'Arnaud Souquet', 29, 'FRA', 'D', 2500000, 12),
(454, 'Stephy Mavididi', 23, 'ENG', 'A', 10000000, 12),
(455, 'Valère Germain', 31, 'FRA', 'A', 2500000, 12),
(456, 'Mihailo Ristić', 25, 'SRB', 'D', 3500000, 12),
(457, 'Sepe Elye Wahi', 18, 'FRA', 'A', 12000000, 12),
(458, 'Maxime Estève', 19, 'FRA', 'D', 4500000, 12),
(459, 'Junior Sambia', 24, 'FRA', 'D', 4500000, 12),
(460, 'Dimitry Bertaud', 23, 'FRA', 'G', 1500000, 12),
(461, 'Thuler', 22, 'BRA', 'D', 2000000, 12),
(462, 'Léo Leroy', 21, 'FRA', 'M', 1500000, 12),
(463, 'Ambroise Oyongo', 30, 'CMR', 'D', 1800000, 12),
(464, 'Nicholas Gioacchini', 21, 'USA', 'M', 1500000, 12),
(465, 'Béni Makouana', 18, 'CGO', 'A', 800000, 12),
(466, 'Gaëtan Laborde', 27, 'FRA', 'A', 18000000, 12),
(467, 'Rémy Cabella', 31, 'FRA', 'M', 6500000, 12),
(468, 'Sacha Delaye', 19, 'FRA', 'M', 800000, 12),
(469, 'Andy Delort', 29, 'ALG', 'A', 13000000, 12),
(470, 'Yanis Guermouche', 20, 'FRA', 'M', 250000, 12),
(471, 'Pedro Mendes', 30, 'POR', 'D', 4000000, 12),
(472, 'Petar Škuletić', 31, 'SRB', 'A', 300000, 12),
(473, 'Redouane Halhal', 18, 'FRA', 'D', 100000, 12),
(474, 'Matis Carvalho', 22, 'POR', 'G', 200000, 12),
(475, 'Enzo Tchato', 18, 'CMR', 'D', 250000, 12),
(476, 'Thibaut Vargas', 21, 'FRA', 'M', 600000, 12),
(477, 'Gabriel Bares', 20, 'SUI', 'M', 700000, 12),
(478, 'Mathías Suárez', 25, 'URU', 'D', 400000, 12),
(479, 'Marius Ros', 19, 'FRA', 'A', 100000, 12),
(480, 'Ryan Bakayoko', 19, 'FRA', 'A', 100000, 12),
(481, 'Mahdi Camara', 23, 'FRA', 'M', 6000000, 16),
(482, 'Timothée Kolodziejczak', 29, 'FRA', 'D', 2500000, 16),
(483, 'Mickael Nade', 22, 'FRA', 'D', 2500000, 16),
(484, 'Denis Bouanga', 26, 'GAB', 'A', 8000000, 16),
(485, 'Ryad Boudebouz', 31, 'ALG', 'M', 2000000, 16),
(486, 'Wahbi Khazri', 30, 'TUN', 'A', 4000000, 16),
(487, 'Arnaud Nordin', 23, 'FRA', 'A', 4000000, 16),
(488, 'Lucas Douath', 17, 'FRA', 'M', 10000000, 16),
(489, 'Paul Bernardoni', 24, 'FRA', 'G', 7000000, 16),
(490, 'Yvann Macon', 22, 'FRA', 'D', 4500000, 16),
(491, 'Zaydou Youssouf', 22, 'FRA', 'M', 4000000, 16),
(492, 'Harold Moukoudi', 23, 'CMR', 'D', 4000000, 16),
(493, 'Adil Aouchiche', 19, 'FRA', 'M', 6000000, 16),
(494, 'Etienne Green', 21, 'ENG', 'G', 7000000, 16),
(495, 'Eliaquim Mangala', 30, 'FRA', 'D', 1800000, 16),
(496, 'Miguel Trauco', 28, 'PER', 'D', 1800000, 16),
(497, 'Saidou Sow', 19, 'GUI', 'D', 4000000, 16),
(498, 'Sada Thioub', 26, 'SEN', 'D', 2000000, 16),
(499, 'Yvan Neyou', 24, 'CMR', 'M', 3000000, 16),
(500, 'Romain Hamouma', 34, 'FRA', 'A', 1000000, 16),
(501, 'Gabriel Silva', 30, 'BRA', 'D', 1200000, 16),
(502, 'Stefan Bajic', 19, 'FRA', 'G', 1800000, 16),
(503, 'Falaye Sacko', 26, 'MLI', 'D', 4000000, 16),
(504, 'Aimen Moueffek', 20, 'FRA', 'M', 1500000, 16),
(505, 'Jean-Philippe Krasso', 24, 'FRA', 'A', 1800000, 16),
(506, 'Abdoulaye Bakayoko', 18, 'FRA', 'D', 300000, 16),
(507, 'Bakary Sako', 33, 'MLI', 'A', 400000, 16),
(508, 'Juan Ignacio Ramírez', 24, 'URU', 'A', 1500000, 16),
(509, 'Enzo Crivelli', 26, 'FRA', 'A', 1800000, 16),
(510, 'Assane Dioussé', 23, 'SEN', 'M', 1000000, 16),
(511, 'Mathys Saban', 19, 'FRA', 'A', 300000, 16),
(512, 'Yanis Lhery', 18, 'FRA', 'A', 400000, 16),
(513, 'Bryan Djile Nokoué', 19, 'CMR', 'D', 200000, 16),
(514, 'Elhadji Dieye', 19, 'SEN', 'M', 250000, 16),
(515, 'Charles Abi', 21, 'FRA', 'A', 1500000, 16),
(516, 'Nelson Sissoko', 24, 'FRA', 'D', 600000, 16),
(517, 'Bilal Benkhedim', 20, 'FRA', 'M', 400000, 16),
(518, 'Maxence Rivera', 19, 'FRA', 'A', 600000, 16),
(519, 'Lucas Calodat', 19, 'FRA', 'D', 150000, 16),
(520, 'Lamine Ghezali', 22, 'FRA', 'D', 250000, 16),
(521, 'Louis Mouton', 19, 'FRA', 'M', 100000, 16),
(522, 'Ahmed Sidibé', 19, 'FRA', 'D', 100000, 16),
(523, 'Boubacar Fall', 20, 'SEN', 'G', 300000, 16),
(524, 'Lucas Llort', 22, 'FRA', 'D', 100000, 16),
(525, 'Ismaël Traoré', 34, 'CIV', 'D', 600000, 14),
(526, 'Angelo Fulgini', 24, 'FRA', 'M', 12000000, 14),
(527, 'Romain Thomas', 33, 'FRA', 'D', 1000000, 14),
(528, 'Batista Mendy', 21, 'FRA', 'M', 3000000, 14),
(529, 'Vincent Manceau', 32, 'FRA', 'D', 800000, 14),
(530, 'Sofiane Boufal', 27, 'MAR', 'A', 8000000, 14),
(531, 'Thomas Mangani', 34, 'FRA', 'M', 600000, 14),
(532, 'Souleyman Doumbia', 24, 'CIV', 'D', 3000000, 14),
(533, 'Jimmy Cabot', 27, 'FRA', 'D', 5000000, 14),
(534, 'Enzo Ebosse', 22, 'CMR', 'D', 2000000, 14),
(535, 'Mohamed Ali Cho', 17, 'FRA', 'A', 15000000, 14),
(536, 'Azzedine Ounahi', 21, 'MAR', 'M', 3000000, 14),
(537, 'Nabil Bentaleb', 26, 'ALG', 'M', 3500000, 14),
(538, 'Danijel Petković', 28, 'MNE', 'G', 1000000, 14),
(539, 'Pierrick Capelle', 34, 'FRA', 'M', 500000, 14),
(540, 'Paul Bernardoni', 24, 'FRA', 'G', 7000000, 14),
(541, 'Stéphane Bahoken', 29, 'CMR', 'A', 4000000, 14),
(542, 'Mathias Pereira Lage', 24, 'POR', 'D', 2500000, 14),
(543, 'Anthony Mandrea', 24, 'ALG', 'G', 1000000, 14),
(544, 'Abdoulaye Bamba', 31, 'CIV', 'D', 500000, 14),
(545, 'Casimir Ninga', 28, 'CHA', 'A', 1200000, 14),
(546, 'Bilal Brahimi', 21, 'ALG', 'A', 5000000, 14),
(547, 'Marin Jakoliš', 24, 'CRO', 'A', 1200000, 14),
(548, 'Waniss Taibi', 19, 'FRA', 'M', 600000, 14),
(549, 'Antonin Bobichon', 25, 'FRA', 'M', 1800000, 14),
(550, 'Farid El Melali', 24, 'ALG', 'A', 900000, 14),
(551, 'Jason Mbock', 21, 'FRA', 'A', 200000, 14),
(552, 'Sada Thioub', 26, 'SEN', 'M', 2000000, 14),
(553, 'Noah Fatar', 19, 'FRA', 'D', 300000, 14),
(554, 'Noah Guede-Nadje', 17, 'FRA', 'A', 200000, 14),
(555, 'Daylam Meddah', 18, 'FRA', 'M', 100000, 14),
(556, 'Rachid Alioui', 29, 'MAR', 'A', 650000, 14),
(557, 'Mattéo Corduan', 19, 'FRA', 'M', 100000, 14),
(558, 'Ali Kalla', 23, 'FRA', 'D', 100000, 14),
(559, 'Yassin Belkhdim', 19, 'FRA', 'M', 100000, 14),
(560, 'Frank Magri', 21, 'FRA', 'D', 500000, 14),
(561, 'Wout Faes', 23, 'BEL', 'D', 10000000, 15),
(562, 'Predrag Rajković', 25, 'SRB', 'G', 9000000, 15),
(563, 'Yunis Abdelhamid', 33, 'MAR', 'D', 1200000, 15),
(564, 'Azor Matusiwa', 23, 'NED', 'M', 7000000, 15),
(565, 'Ghislain Konan', 25, 'CIV', 'D', 7000000, 15),
(566, 'Andrew Gravillon', 23, 'FRA', 'D', 6500000, 15),
(567, 'Thomas Foket', 26, 'BEL', 'D', 5000000, 15),
(568, 'Ilan Kebbal', 23, 'ALG', 'M', 4500000, 15),
(569, 'Marshall Munetsi', 25, 'ZIM', 'M', 5000000, 15),
(570, 'Dion Lopy', 19, 'SEN', 'M', 2500000, 15),
(571, 'Nathanael Mbuku', 19, 'FRA', 'A', 8000000, 15),
(572, 'Maxime Busi', 21, 'BEL', 'D', 3500000, 15),
(573, 'Hugo Ekitike', 19, 'FRA', 'A', 28000000, 15),
(574, 'Alexis Flips', 21, 'FRA', 'A', 2500000, 15),
(575, 'El Bilal Touré', 19, 'MLI', 'A', 6500000, 15),
(576, 'Mitchell van Bergen', 21, 'NED', 'A', 2000000, 15),
(577, 'Banzouzi Locko', 19, 'FRA', 'D', 2000000, 15),
(578, 'Moreto Cassamã', 23, 'GNB', 'M', 3000000, 15),
(579, 'Valon Berisha', 28, 'KVX', 'M', 2500000, 15),
(580, 'Kamory Doumbia', 18, 'MLI', 'M', 1000000, 15),
(581, 'Philippe Koffi', 19, 'FRA', 'A', 1200000, 15),
(582, 'Anastasios Donis', 24, 'GRE', 'A', 1000000, 15),
(583, 'Jens Cajuste', 21, 'SWE', 'M', 5000000, 15),
(584, 'Martin Adeline', 17, 'FRA', 'M', 800000, 15),
(585, 'Arber Zeneli', 26, 'KVX', 'A', 4500000, 15),
(586, 'Fraser Hornby', 21, 'SCO', 'A', 1000000, 15),
(587, 'Sambou Sissoko', 22, 'FRA', 'M', 500000, 15),
(588, 'Yehvann Diouf', 21, 'FRA', 'G', 500000, 15),
(589, 'Moustapha Mbow', 21, 'SEN', 'D', 600000, 15),
(590, 'Xavier Chavalerin', 30, 'FRA', 'M', 3500000, 15),
(591, 'Mathieu Cafaro', 24, 'FRA', 'A', 4000000, 15),
(592, 'Fodé Doucouré', 20, 'MLI', 'D', 600000, 15),
(593, 'Moussa Doumbia', 26, 'MLI', 'A', 1200000, 15),
(594, 'Kaj Sierhuis', 23, 'NED', 'A', 2300000, 15),
(595, 'Ibrahim Diakité', 17, 'FRA', 'M', 200000, 15),
(596, 'Samuel Koeberlé', 16, 'FRA', 'M', 150000, 15),
(597, 'Noa Cervantés', 18, 'FRA', 'A', 300000, 15),
(598, 'Nicolas Penneteau', 40, 'FRA', 'G', 150000, 15),
(599, 'Enzo Valentim', 20, 'FRA', 'D', 200000, 15),
(600, 'Bilal Brahimi', 21, 'ALG', 'A', 5000000, 15),
(601, 'Rominigue Kouamé', 24, 'MLI', 'M', 5000000, 18),
(602, 'Gauthier Gallon', 28, 'FRA', 'G', 2500000, 18),
(603, 'Xavier Chavalerin', 30, 'FRA', 'M', 3500000, 18),
(604, 'Yoann Salmier', 28, 'FRA', 'D', 2000000, 18),
(605, 'Florian Tardieu', 29, 'FRA', 'M', 3000000, 18),
(606, 'Giulian Biancone', 21, 'FRA', 'D', 4000000, 18),
(607, 'Issa Kaboré', 20, 'BFA', 'D', 4000000, 18),
(608, 'Renaud Ripart', 28, 'FRA', 'A', 4000000, 18),
(609, 'Erik Palmer-Brown', 24, 'USA', 'D', 3000000, 18),
(610, 'Mama Samba Baldé', 25, 'GNB', 'A', 4500000, 18),
(611, 'Jimmy Giraudon', 29, 'FRA', 'D', 1500000, 18),
(612, 'Yoann Touzghar', 34, 'TUN', 'A', 600000, 18),
(613, 'Abdu Conté', 23, 'POR', 'D', 3000000, 18),
(614, 'Adil Rami', 35, 'FRA', 'D', 400000, 18),
(615, 'Tristan Dingomé', 30, 'CMR', 'M', 1500000, 18),
(616, 'Oualid El Hajjam', 30, 'MAR', 'D', 1000000, 18),
(617, 'Youssouf Koné', 26, 'MLI', 'D', 2000000, 18),
(618, 'Gerson Rodrigues', 26, 'LUX', 'A', 2500000, 18),
(619, 'Dylan Chambost', 23, 'FRA', 'M', 1200000, 18),
(620, 'Ike Ugbo', 22, 'CAN', 'A', 5000000, 18),
(621, 'Jessy Moulin', 35, 'FRA', 'G', 250000, 18),
(622, 'Lebo Mothiba', 25, 'RSA', 'A', 2000000, 18),
(623, 'Karim Azamoum', 31, 'FRA', 'D', 400000, 18),
(624, 'Yasser Larouci', 20, 'ALG', 'D', 2500000, 18),
(625, 'Brandon Domingues', 21, 'FRA', 'M', 600000, 18),
(626, 'Suk Hyun-jun', 30, 'KOR', 'A', 1000000, 18),
(627, 'Nassim Chadli', 20, 'FRA', 'M', 500000, 18),
(628, 'Patrick Roberts', 24, 'ENG', 'D', 1500000, 18),
(629, 'Eric N\'Jo', 17, 'FRA', 'D', 400000, 18),
(630, 'Levi Lumeka', 22, 'ENG', 'D', 250000, 18),
(631, 'Banhie Zoukrou', 18, 'FRA', 'D', 400000, 18),
(632, 'Philippe Sandler', 24, 'NED', 'D', 2000000, 18),
(633, 'Gabriel Mutombo', 25, 'FRA', 'D', 300000, 18),
(634, 'Derek Mazou-Sacko', 16, 'FRA', 'A', 250000, 18),
(635, 'Mamadou Camara', 20, 'FRA', 'A', 200000, 18),
(636, 'Mykola Kukharevych', 20, 'UKR', 'A', 400000, 18),
(637, 'Sebastien Renot', 31, 'FRA', 'G', 250000, 18),
(638, 'Luka Ilić', 22, 'SRB', 'M', 700000, 18),
(639, 'Lassine Soumaoro', 18, 'MLI', 'D', 100000, 18),
(640, 'Calvin Bombo', 22, 'CTA', 'M', 150000, 18),
(641, 'Anas Namri', 19, 'FRA', 'M', 100000, 18),
(642, 'Filip Krastev', 19, 'BUL', 'M', 900000, 18),
(643, 'Rudy Kohon', 17, 'FRA', 'D', 100000, 18),
(644, 'Nathan Gassama', 20, 'FRA', 'D', 100000, 18),
(645, 'Metinho', 18, 'BRA', 'M', 3000000, 18),
(646, 'Alexis Lefebvre', 18, 'FRA', 'A', 100000, 18),
(647, 'Mathis Hamdi', 17, 'FRA', 'D', 100000, 18),
(648, 'Bachir Diop', 18, 'FRA', 'A', 100000, 18),
(649, 'Boubakar Kouyaté', 24, 'MLI', 'D', 5000000, 20),
(650, 'Dylan Bronn', 26, 'TUN', 'D', 4000000, 20),
(651, 'Vincent Pajot', 30, 'FRA', 'M', 1000000, 20),
(652, 'Thomas Delaine', 29, 'FRA', 'D', 2000000, 20),
(653, 'Pape Matar Sarr', 18, 'SEN', 'M', 15000000, 20),
(654, 'Nicolas de Préville', 30, 'FRA', 'A', 2500000, 20),
(655, 'Alexandre Oukidja', 33, 'ALG', 'G', 1200000, 20),
(656, 'Boubacar Traoré', 19, 'MLI', 'M', 1800000, 20),
(657, 'Ibrahima Niane', 22, 'SEN', 'A', 5000000, 20),
(658, 'Marc-Aurèle Caillard', 27, 'FRA', 'G', 1200000, 20),
(659, 'Fabien Centonze', 25, 'FRA', 'D', 7000000, 20),
(660, 'Farid Boulaya', 28, 'ALG', 'M', 3500000, 20),
(661, 'Jemerson', 28, 'BRA', 'D', 2000000, 20),
(662, 'Habib Maïga', 25, 'CIV', 'M', 3500000, 20),
(663, 'Kévin N\'Doram', 25, 'FRA', 'M', 2000000, 20),
(664, 'Opa Nguette', 27, 'SEN', 'A', 2000000, 20),
(665, 'Matthieu Udol', 25, 'FRA', 'D', 2500000, 20),
(666, 'Fali Candé', 23, 'GNB', 'D', 1500000, 20),
(667, 'Ibrahim Amadou', 28, 'FRA', 'D', 2000000, 20),
(668, 'Papa Ndiaga Yade', 21, 'SEN', 'D', 2000000, 20),
(669, 'Amadou Mbengue', 19, 'SEN', 'D', 800000, 20),
(670, 'Jean-Armel Kana-Biyik', 32, 'CMR', 'D', 500000, 20),
(671, 'Sikou Niakaté', 22, 'FRA', 'D', 1800000, 20),
(672, 'William Mikelbrencis', 17, 'FRA', 'D', 2000000, 20),
(673, 'Didier Lamkel Zé', 24, 'CMR', 'A', 3500000, 20),
(674, 'Lamine Gueye', 23, 'SEN', 'M', 2000000, 20),
(675, 'Louis Mafouta', 27, 'CTA', 'A', 900000, 20),
(676, 'Amine Bassi', 23, 'FRA', 'M', 1500000, 20),
(677, 'Sofiane Alakouch', 23, 'MAR', 'D', 1500000, 20),
(678, 'Cheikh Tidiane Sabaly', 22, 'SEN', 'A', 900000, 20),
(679, 'Warren Tchimbembé', 23, 'CGO', 'M', 800000, 20),
(680, 'Lenny Lacroix', 18, 'FRA', 'D', 1000000, 20),
(681, 'Lenny Joseph', 20, 'FRA', 'A', 500000, 20),
(682, 'Vagner Gonçalves', 25, 'CPV', 'M', 1500000, 20),
(683, 'Mamadou Fofana', 23, 'MLI', 'D', 2000000, 20),
(684, 'Georges Mikautadze', 20, 'GEO', 'A', 2200000, 20),
(685, 'Ousmane Ba', 19, 'SEN', 'G', 300000, 20),
(686, 'Noah Zilliox', 18, 'FRA', 'M', 100000, 20),
(687, 'Danley Jean-Jacques', 21, 'HAI', 'M', 100000, 20),
(688, 'Houboulang Mendes', 23, 'FRA', 'D', 3000000, 19),
(689, 'Vincent Le Goff', 31, 'FRA', 'D', 1000000, 19),
(690, 'Laurent Abergel', 28, 'FRA', 'M', 3000000, 19),
(691, 'Julien Laporte', 27, 'FRA', 'D', 3000000, 19),
(692, 'Terem Moffi', 22, 'NGA', 'A', 9000000, 19),
(693, 'Armand Lauriente', 22, 'FRA', 'A', 7000000, 19),
(694, 'Thomas Monconduit', 30, 'FRA', 'M', 1500000, 19),
(695, 'Enzo Le Fée', 21, 'FRA', 'M', 6000000, 19),
(696, 'Paul Nardi', 27, 'FRA', 'G', 2000000, 19),
(697, 'Léo Pétrot', 24, 'FRA', 'D', 1000000, 19),
(698, 'Igor Carioca', 24, 'BRA', 'D', 2000000, 19),
(699, 'Matthieu Dreyer', 32, 'FRA', 'G', 300000, 19),
(700, 'Moritz Jenz', 22, 'GER', 'D', 2500000, 19),
(701, 'Fabien Lemoine', 34, 'FRA', 'M', 600000, 19),
(702, 'Quentin Boisgard', 24, 'FRA', 'M', 1800000, 19),
(703, 'Dango Ouattara', 19, 'BFA', 'M', 900000, 19),
(704, 'Bonke Innocent', 25, 'NGA', 'M', 2000000, 19),
(705, 'Ibrahima Koné', 22, 'MLI', 'A', 4500000, 19),
(706, 'Jérémy Morel', 37, 'MAD', 'D', 300000, 19),
(707, 'Adrian Grbić', 24, 'AUT', 'A', 2500000, 19),
(708, 'Stéphane Diarra', 22, 'FRA', 'A', 1500000, 19),
(709, 'Sambou Soumano', 20, 'SEN', 'A', 1200000, 19),
(710, 'Jérôme Hergault', 35, 'FRA', 'D', 250000, 19),
(711, 'Samuel Loric', 21, 'FRA', 'D', 600000, 19),
(712, 'Thomas Fontaine', 30, 'MAD', 'D', 500000, 19),
(713, 'Baptiste Mouazan', 19, 'FRA', 'M', 200000, 19),
(714, 'Théo Le Bris', 18, 'FRA', 'M', 400000, 19),
(715, 'Pierre-Yves Hamel', 27, 'FRA', 'A', 1200000, 19),
(716, 'Redwan Bourles', 18, 'FRA', 'M', 300000, 19),
(717, 'Loris Mouyokolo', 20, 'CGO', 'D', 500000, 19),
(718, 'Ronny Labonne', 23, 'FRA', 'M', 150000, 19),
(719, 'Pablo Pagis', 18, 'FRA', 'A', 200000, 19),
(720, 'Teddy Bartouche', 24, 'FRA', 'G', 150000, 19),
(721, 'Bamo Meïté', 20, 'CIV', 'M', 100000, 19),
(722, 'Akim Zedadka', 26, 'ALG', 'D', 4000000, 17),
(723, 'Johan Gastien', 33, 'FRA', 'M', 800000, 17),
(724, 'Vital N\'Simba', 28, 'COD', 'D', 2500000, 17),
(725, 'Salis Abdul Samed', 21, 'GHA', 'M', 3000000, 17),
(726, 'Florent Ogier', 32, 'FRA', 'D', 700000, 17),
(727, 'Mohamed Bayo', 23, 'GUI', 'A', 12000000, 17),
(728, 'Jodel Dossou', 29, 'BEN', 'A', 1800000, 17),
(729, 'Ouparine Djoco', 23, 'SEN', 'G', 1800000, 17),
(730, 'Cédric Hountondji', 27, 'BEN', 'D', 3000000, 17),
(731, 'Elba Rashani', 28, 'KVX', 'A', 2500000, 17),
(732, 'Yohann Magnin', 24, 'FRA', 'M', 2000000, 17),
(733, 'Jason Berthomier', 31, 'FRA', 'M', 1200000, 17),
(734, 'Alidu Seidu', 21, 'GHA', 'D', 2000000, 17),
(735, 'Jim Allevinah', 26, 'GAB', 'A', 2000000, 17),
(736, 'Arthur Desmas', 27, 'FRA', 'G', 1200000, 17),
(737, 'Saîf-Eddine Khaoui', 26, 'TUN', 'M', 1500000, 17),
(738, 'Jean-Claude Billong', 27, 'CMR', 'D', 1000000, 17),
(739, 'Arial Mendy', 26, 'SEN', 'D', 700000, 17),
(740, 'Lucas Da Cunha', 20, 'FRA', 'A', 4000000, 17),
(741, 'Jonathan Iglesias', 32, 'URU', 'M', 450000, 17),
(742, 'Pierre-Yves Hamel', 27, 'FRA', 'A', 1200000, 17),
(743, 'Jordan Tell', 24, 'FRA', 'A', 600000, 17),
(744, 'Grejohn Kyei', 25, 'FRA', 'A', 1200000, 17),
(745, 'Oriol Busquets', 22, 'ESP', 'M', 1200000, 17),
(746, 'Yadaly Diaby', 20, 'FRA', 'A', 200000, 17),
(747, 'Wabo Kamdem', 18, 'FRA', 'M', 100000, 17),
(748, 'Josué Albert', 29, 'FRA', 'D', 300000, 17),
(749, 'Aboubakar Sidibé', 25, 'FRA', 'A', 150000, 17),
(750, 'Nael Jaby', 20, 'FRA', 'A', 250000, 17),
(751, 'Julien Boyer', 23, 'FRA', 'D', 450000, 17),
(752, 'Karim Mohamed', 20, 'COM', 'D', 100000, 17),
(753, 'Mathis Clairicia', 18, 'FRA', 'A', 100000, 17),
(754, 'Jérôme Phojo', 28, 'FRA', 'D', 300000, 17),
(755, 'Bryan Teixeira', 20, 'CPV', 'A', 300000, 17),
(756, 'Aïman Maurer', 16, 'FRA', 'A', 100000, 17),
(757, 'Lucas Margueron', 20, 'FRA', 'G', 150000, 17),
(758, 'Baptiste Boit', 19, 'FRA', 'D', 100000, 17);

--
-- Index pour les tables déchargées
--

--
-- Index pour la table `club`
--
ALTER TABLE `club`
  ADD PRIMARY KEY (`id_club`);

--
-- Index pour la table `country`
--
ALTER TABLE `country`
  ADD PRIMARY KEY (`id_country`);

--
-- Index pour la table `perform`
--
ALTER TABLE `perform`
  ADD KEY `r1` (`id_player`);

--
-- Index pour la table `player`
--
ALTER TABLE `player`
  ADD PRIMARY KEY (`id_player`),
  ADD KEY `r2` (`id_club`);

--
-- AUTO_INCREMENT pour les tables déchargées
--

--
-- AUTO_INCREMENT pour la table `club`
--
ALTER TABLE `club`
  MODIFY `id_club` int(11) NOT NULL AUTO_INCREMENT, AUTO_INCREMENT=21;

--
-- AUTO_INCREMENT pour la table `country`
--
ALTER TABLE `country`
  MODIFY `id_country` int(11) NOT NULL AUTO_INCREMENT, AUTO_INCREMENT=71;

--
-- AUTO_INCREMENT pour la table `player`
--
ALTER TABLE `player`
  MODIFY `id_player` int(11) NOT NULL AUTO_INCREMENT, AUTO_INCREMENT=759;

--
-- Contraintes pour les tables déchargées
--

--
-- Contraintes pour la table `perform`
--
ALTER TABLE `perform`
  ADD CONSTRAINT `r1` FOREIGN KEY (`id_player`) REFERENCES `player` (`id_player`);

--
-- Contraintes pour la table `player`
--
ALTER TABLE `player`
  ADD CONSTRAINT `r2` FOREIGN KEY (`id_club`) REFERENCES `club` (`id_club`);
COMMIT;

/*!40101 SET CHARACTER_SET_CLIENT=@OLD_CHARACTER_SET_CLIENT */;
/*!40101 SET CHARACTER_SET_RESULTS=@OLD_CHARACTER_SET_RESULTS */;
/*!40101 SET COLLATION_CONNECTION=@OLD_COLLATION_CONNECTION */;
